date,rho,rho_se,gamma,gamma_se,gamma_lb,gamma_ub,beta,beta_se,beta_lb,beta_ub
1985-01-01,0.8181550553547843,0.06755417012695568,0.33962308289878834,0.07946368910020395,0.20850799588345184,0.47073816991412487,-0.24373820875862873,0.11492260900837158,-0.4333605136224418,-0.05411590389481563
1985-02-01,0.7268764991014979,0.08203494922982595,0.4155439755491492,0.08710029349858177,0.2718284912764893,0.559259459821809,-0.17005250930177632,0.12041012551345971,-0.3687292163989848,0.02862419779543221
1985-03-01,0.5872193058928475,0.09806833213362708,0.46119729485542676,0.07593459377333729,0.33590521512942023,0.5864893745814332,-0.03493850590911696,0.15977892941720248,-0.29857373944750104,0.22869672762926713
1985-04-01,0.4457197255979885,0.13289068371001367,0.32962069109764575,0.03862254815875523,0.2658934866356996,0.3933478955595919,0.38379300550007955,0.1977835811229274,0.05745009664724937,0.7101359143529098
1985-05-01,0.6169557938127876,0.0916305165884197,0.24248912597441535,0.0689444301835598,0.1287308161715417,0.356247435777289,0.22369730507585694,0.154130532369114,-0.030618073333181173,0.47801268348489506
1985-06-01,0.45454255425085804,0.09486936976920513,0.26051565194220894,0.07931803347770697,0.12964089670399245,0.3913904071804254,0.7182717859642801,0.156284456695413,0.4604024324168487,0.9761411395117114
1985-07-01,0.4143539789368686,0.1324939916937704,0.31319254765349663,0.05901510264829874,0.21581762828380371,0.4105674670231896,0.5097176814898379,0.17622269328189988,0.2189502375747031,0.8004851254049726
1985-08-01,0.5567541231317137,0.0914923073428901,0.2522898017782311,0.04340111364832585,0.18067796425849347,0.3239016392979688,0.4002329991277589,0.1377098800728819,0.17301169700750377,0.627454301248014
1985-09-01,0.5300161756167698,0.11913729192753711,0.26075361105544437,0.0507264565509946,0.17705495774630328,0.3444522643645854,0.2326382259264692,0.07707447548006184,0.10546534138436717,0.3598111104685713
1985-10-01,0.6252930170291844,0.09170547311484323,0.16125830940998148,0.04542669809518953,0.08630425755291876,0.2362123612670442,0.11814320004602578,0.11732611024566292,-0.07544488185931801,0.31173128195136957
1985-11-01,0.665395391836555,0.10788608377602836,0.19566215092764125,0.042793347412951176,0.1250531276962718,0.2662711741590107,0.06030315947163697,0.0912002966848703,-0.09017733005839901,0.21078364900167296
1985-12-01,0.782683784306674,0.1260378139941491,0.13792640186128502,0.037365884273818734,0.07627269280948412,0.19958011091308592,0.20243056018480385,0.06636865404956997,0.0929222810030134,0.3119388393665943
1986-01-01,0.3681371173398194,0.07653046765832333,0.15197764277946585,0.04914365539226959,0.07089061138222102,0.23306467417671067,0.2753112221919431,0.1102352832746338,0.09342300478879734,0.45719943959508885
1986-02-01,0.42710042173870133,0.07593659217681054,0.21222378281117937,0.0679707681850147,0.10007201530590512,0.3243755503164536,0.25783864962344005,0.1097394918310799,0.07676848810215825,0.43890881114472186
1986-03-01,0.5476012685511548,0.06319988404506163,0.14487805986640215,0.035925522697877056,0.08560094741490501,0.20415517231789929,0.23395914116301217,0.08879912529816736,0.08744058442103603,0.3804776979049883
1986-04-01,0.5382885888797777,0.10732201280570561,0.18414016010232845,0.0668245723295997,0.07387961575848896,0.29440070444616795,-0.0059959423629438405,0.07215602965081226,-0.12505339128678405,0.11306150656089638
1986-05-01,0.39620929521452786,0.09160073738203936,0.182350319653133,0.05780497424921255,0.0869721121419323,0.2777285271643337,0.06268732698753773,0.05856822410611603,-0.03395024278755371,0.15932489676262918
1986-06-01,0.4294158578971915,0.11189155465125412,0.15102937007065328,0.05191781875331762,0.06536496912767921,0.23669377101362737,0.13196531733710934,0.09063317423354147,-0.017579420148234076,0.2815100548224527
1986-07-01,0.7762108303043591,0.057149009655071664,0.11395426371022366,0.04608513184883043,0.03791379615965346,0.18999473126079386,-0.00813121006883363,0.03363173929761547,-0.06362357990989914,0.04736115977223189
1986-08-01,0.7002742861016298,0.060328277578205206,0.19085294767797434,0.05785589835089931,0.09539071539899048,0.2863151799569582,0.04542808808452051,0.0485053927605475,-0.03460580997038287,0.1254619861394239
1986-09-01,0.48488404035978816,0.056582929458218655,0.22557737568249608,0.04372003217539262,0.15343932259309825,0.29771542877189394,0.05285122762396143,0.037326513025125546,-0.008737518867495714,0.11443997411541858
1986-10-01,0.3196207817463433,0.13427836243059488,0.07842624682953296,0.07492434691067049,-0.04519892557307334,0.20205141923213926,0.21234188365607268,0.09158650334755393,0.061224153132608705,0.36345961417953665
1986-11-01,0.5823795119324316,0.10073747156576016,0.2178842110514997,0.07089977010680991,0.10089959037526335,0.334868831727736,0.07890589876268245,0.03519374813901348,0.02083621433331021,0.1369755831920547
1986-12-01,0.40252853055181387,0.1244302231904681,0.16097885435216766,0.029556803987144886,0.1122101277733786,0.20974758093095672,0.11767447587811439,0.04287121160264083,0.04693697673375702,0.18841197502247176
1987-01-01,0.3480428736167979,0.13379575057157028,-0.002302885747038265,0.09738480887724711,-0.162987820394496,0.15838204890041946,0.36732562632542437,0.13250255602188832,0.14869640888930866,0.5859548437615401
1987-02-01,0.3722290015351055,0.12429656566752773,0.02804341599612139,0.1267609405966031,-0.1811121359882737,0.23719896798051648,0.2731834374142364,0.16407053036873814,0.0024670623058185015,0.5438998125226543
1987-03-01,0.8622227537985735,0.24522411157769303,-0.0010583079532996546,0.11601080981986552,-0.19247614415607772,0.19035952824947844,0.3036586699688102,0.12899094470840905,0.09082361119993526,0.5164937287376852
1987-04-01,0.2923815050998959,0.185196893628699,0.12530459145301515,0.05790298096205373,0.029764672865626493,0.22084451004040379,0.34409015033302576,0.15453446723120554,0.08910827940153665,0.5990720212645149
1987-05-01,0.6165771162901518,0.16263874897713212,0.12602373339444345,0.03899459845373015,0.061682645945788706,0.1903648208430982,0.10595808071950334,0.06457550094657849,-5.914958423511585e-4,0.21250765728135784
1987-06-01,0.27698321686472566,0.26481282798817934,0.056249826979417154,0.06920855095983479,-0.05794428210431025,0.17044393606314456,0.289951926663341,0.2857717733915109,-0.18157149943265194,0.761475352759334
1987-07-01,0.29206453159134643,0.26652249334312483,0.09752396397553949,0.049162408805130536,0.01640598944707411,0.17864193850400487,0.3162788209015357,0.2175890655294655,-0.04274313722208234,0.6753007790251537
1987-08-01,0.629195141367939,0.1320087718634564,0.09792967830992065,0.043946406843011133,0.02541810701895228,0.17044124960088902,0.1568576559400329,0.07233472206751539,0.03750536452863251,0.2762099473514333
1987-09-01,0.7306835474939428,0.1523077998600152,0.06844458963716535,0.06537911632204833,-0.039430952294214394,0.1763201315685451,0.16364470272987142,0.08852495550457488,0.01757852614732286,0.30971087931242
1987-10-01,0.5791423652150901,0.05005329064331613,0.07689950802665949,0.06114474511436403,-0.02398932141204116,0.17778833746536013,0.2680700088661372,0.07551511841119436,0.1434700634876665,0.3926699542446079
1987-11-01,0.17938333811067894,0.2867238669354636,0.032528858162239715,0.10285943760347853,-0.13718921388349986,0.2022469302079793,0.5850536592595041,0.34109749221975155,0.022242797096914124,1.1478645214220942
1987-12-01,-0.14273796534711145,0.29962541292234607,0.09690491537412345,0.0768898903976985,-0.02996340378207908,0.223773234530326,0.9638908957861166,0.4577309794811481,0.20863477964222232,1.719147011930011
1988-01-01,0.6281211035350127,0.0724914232157638,-0.006200895012294633,0.03516323181703593,-0.0642202275104039,0.05181843748581464,0.28416069030591795,0.051941538976527805,0.19845715099464706,0.36986422961718884
1988-02-01,0.11464023858787742,0.26773105571271283,0.08253429322658298,0.07538487495659005,-0.04185075045179058,0.20691933690495656,0.6212293516520221,0.21090254277478637,0.2732401560736246,0.9692185472304196
1988-03-01,0.05520197789762424,0.23799770770033388,0.17588920553542794,0.08438051451964958,0.03666135657800615,0.31511705449284977,0.7074217770146024,0.20977485722862194,0.3612932625873762,1.0535502914418287
1988-04-01,0.38142949340403803,0.2077305733085735,0.1460105455519797,0.06341183501820624,0.04138101777193941,0.25064007333202,0.2779253325444052,0.08700596495990548,0.13436549036056117,0.42148517472824926
1988-05-01,0.6307944808340641,0.13203650252741653,0.20140467851056626,0.056910978879975836,0.10750156335860614,0.29530779366252635,0.35533628750558177,0.12128899227909318,0.15520945024507804,0.5554631247660855
1988-06-01,0.7809600915643803,0.059457183660146844,0.22738861174069677,0.06609042286332124,0.11833941401621673,0.3364378094651768,0.11465881705619166,0.06550403147861024,0.006577165116484776,0.22274046899589856
1988-07-01,0.7546860144695655,0.06772549793488207,0.2329237154268808,0.08054967823081727,0.10001674634603233,0.36583068450772926,0.0932130990903988,0.06728868189033471,-0.01781322602865347,0.20423942420945107
1988-08-01,0.7114753353543483,0.04521336133800734,0.3166137615904986,0.07089534082291346,0.1996364492326914,0.43359107394830576,0.023839386542497076,0.06667697980005201,-0.08617763012758872,0.13385640321258288
1988-09-01,0.47767619300767894,0.10556978273061379,0.4175166985906952,0.05598275273154857,0.32514515658364007,0.5098882405977503,0.2136434711989106,0.12587433084676306,0.005950825301751589,0.42133611709606966
1988-10-01,0.5925838916510366,0.07228034293551075,0.3037670991286601,0.037032202466204034,0.24266396505942348,0.3648702331978968,0.0513528799462339,0.061580778586639656,-0.05025540472172153,0.15296116461418935
1988-11-01,0.7278575297228425,0.0717976259654272,0.284495388160273,0.04402463427856701,0.21185474160063741,0.3571360347199085,-0.10879247918588505,0.08065358650190353,-0.24187089691402588,0.024285938542255775
1988-12-01,0.5089892161719752,0.05324120047242734,0.3338317563328091,0.030946095532366744,0.28277069870440397,0.3848928139612142,0.14730671474743495,0.09436482886875336,-0.008395252886008092,0.30300868238087797
1989-01-01,0.5611145030917994,0.09471992554003149,0.40184091095816005,0.04735410394219766,0.3237066394535339,0.4799751824627862,0.17164651259841873,0.13261010876497184,-0.0471601668637848,0.39045319206062223
1989-02-01,0.4637814922480604,0.0444319294253836,0.517805774491949,0.040711805180726444,0.45063129594375034,0.5849802530401476,0.3256201212512138,0.13338254750910422,0.10553891786119185,0.5457013246412358
1989-03-01,0.4512069539666507,0.05405630819745579,0.4902178272797902,0.04824645214994724,0.4106111812323773,0.5698244733272031,0.41680218540256886,0.09511908359164693,0.2598556974763514,0.5737486733287863
1989-04-01,0.5355546973155128,0.06532762060487136,0.5505989631459546,0.06522362115664493,0.44297998823749046,0.6582179380544187,0.13851019840679452,0.15767315389196196,-0.12165050551494272,0.39867090232853175
1989-05-01,0.659065348252527,0.07520181686638112,0.4276565406917975,0.08933129411459066,0.2802599054027229,0.5750531759808721,0.10902061882133686,0.15401071673733238,-0.14509706379526155,0.36313830143793524
1989-06-01,0.5494013446051993,0.1032525283628232,0.40613038330168083,0.07241409792211984,0.28664712173018314,0.5256136448731785,0.27979814011775617,0.11945506791924619,0.08269727805099997,0.47689900218451237
1989-07-01,0.5540601504459878,0.0971184566926744,0.13757238543943123,0.10936728018675204,-0.04288362686870964,0.3180283977475721,0.128845676838352,0.0823032669163466,-0.006954713573619875,0.26464606725032386
1989-08-01,0.5947329213642183,0.059995623366073,0.02003469831734072,0.08227060264555333,-0.11571179604782225,0.1557811926825037,0.1783652022884913,0.10418328707401404,0.0064627786163681256,0.35026762596061445
1989-09-01,0.46216629851013113,0.05251846001457513,0.14792475187454218,0.07114942228313867,0.030528205107363385,0.265321298641721,0.28061917160559857,0.0856562785195452,0.139286312048349,0.4219520311628482
1989-10-01,0.46022172820856094,0.07062885996744143,0.11224002194775838,0.04866816292445686,0.031937553122404566,0.1925424907731122,0.28766996468498807,0.08200826613234273,0.15235632556662257,0.42298360380335354
1989-11-01,0.41045029091350366,0.07133592510053127,0.14086713907870593,0.061432377221980757,0.039503716662437696,0.24223056149497418,0.2746952774225833,0.06504233213681805,0.16737542939683353,0.3820151254483331
1989-12-01,0.4109394071129061,0.052786042498553405,0.15623307679163848,0.06447207847295955,0.04985414731125523,0.26261200627202175,0.3252042041686213,0.08809207973303902,0.1798522726091069,0.47055613572813565
1990-01-01,0.3959896514947604,0.031174896052750842,0.16166174371757097,0.05481685541422721,0.07121393228409607,0.2521095551510459,0.2768753946869978,0.07649970762248101,0.15065087710990413,0.4030999122640915
1990-02-01,0.43681719836402894,0.04308502799093246,0.2650884177102802,0.06136721180494392,0.16383251823212272,0.36634431718843763,0.17276299534463077,0.03775773170855422,0.11046273802551632,0.23506325266374523
1990-03-01,0.5121254672014277,0.06677379601175294,0.1710954975156928,0.07072395579691712,0.05440097045077956,0.28779002458060604,0.12294502502375586,0.045849173042519904,0.047293889503598016,0.1985961605439137
1990-04-01,0.7618997546606627,0.07502995654211203,0.09542281647993454,0.04010294333664571,0.029252959974469125,0.16159267298539998,0.0038806837927863134,0.04992950992662916,-0.0785030075861518,0.08626437517172443
1990-05-01,0.8211480686343938,0.09166526606709756,0.12405461998425,0.04271702903109188,0.05357152208294841,0.1945377178855516,0.008758696859633137,0.042559685633344856,-0.061464784435385875,0.07898217815465215
1990-06-01,0.79741428858915675,0.09349040894570677,0.1492277258716828,0.06499684335463642,0.041982934336532704,0.25647251740683286,0.03678256454230344,0.04286676386818733,-0.03394759584020565,0.10751272492481254
1990-07-01,0.6928028124457576,0.07374463175676371,0.1737985682886369,0.03280762719230253,0.11966598342133775,0.22793115315593607,-0.008614771785025276,0.044443502176220555,-0.08194655037578918,0.06471700680573864
1990-08-01,0.7886260301112046,0.1017857762027255,0.08325762962061964,0.038143290301586356,0.020321200623002147,0.14619405861823714,-0.07702933326171171,0.049416320894643144,-0.1585662627378729,0.004507596214449475
1990-09-01,0.5295270956524744,0.10782407197324359,0.14179429068535757,0.049958066991189654,0.05936348014989465,0.22422510122082048,0.011740927366855423,0.053160864144627375,-0.07597449847177974,0.09945635320549058
1990-10-01,0.4837670470150321,0.09008356219988305,0.15281299900257186,0.04502011020076638,0.07852981717130735,0.22709618083383637,-0.025430652459353744,0.02569450336982977,-0.06782658301957287,0.016965278100865375
1990-11-01,0.45037482686305275,0.09208164939182388,0.16517188194831808,0.03309944466109987,0.11055779825750331,0.21978596563913286,-0.009182494598639521,0.03984597806532687,-0.07492835840642886,0.05656336920914982
1990-12-01,0.6132033195277826,0.13414640236068637,0.08865762059893934,0.045318214373036236,0.01388256688342955,0.16343267431444913,-0.06334526569424895,0.0394935237284087,-0.1285095798461233,0.0018190484576253996
1991-01-01,0.4128961058480895,0.09221373105600701,0.1571599754734103,0.04211487534597344,0.08767043115255412,0.22664951979426645,-0.11839954143763867,0.05397941600812307,-0.20746557785104172,-0.029333505024235623
1991-02-01,0.3049454442128963,0.06748074476607133,0.2096149882718257,0.05128851205428901,0.12498894338224883,0.2942410331614026,-0.08368445571038552,0.04895906819572375,-0.1644669182333297,-0.002901993187441332
1991-03-01,0.29855770822199,0.06558197468087422,0.18246136486567183,0.08658086357107458,0.03960293997339878,0.32531978975794484,-0.14703388478021828,0.06711906318023941,-0.2577803390276133,-0.03628743053282325
1991-04-01,0.3489452882694806,0.10756553664606694,0.34316714878417814,0.0618427239790157,0.24112665421880225,0.44520764334955404,-0.010905448420458728,0.0750732973463332,-0.1347763890419085,0.11296549220099103
1991-05-01,0.6022565483684444,0.13906092298866754,0.14449957356558582,0.07397314429340641,0.02244388548146524,0.2665552616497064,-0.19710998146955522,0.10094631712148877,-0.3636714047200117,-0.030548558219098743
1991-06-01,0.40652117708222757,0.17258412731883963,0.34141867532998466,0.04760530172436925,0.2628699274847754,0.4199674231751939,-0.1077405347185013,0.09556937444295388,-0.2654300025493752,0.0499489331123726
1991-07-01,0.7941607794854446,0.12523446685072068,0.19381442690411596,0.04597957990041877,0.117948120068425,0.26968073373980694,0.06903205986750417,0.050301171923771475,-0.01396487380671875,0.1520289935417271
1991-08-01,0.8296035190722489,0.14181935758818084,0.18394761536567308,0.04722900709966203,0.10601975365123073,0.26187547708011544,0.004363896332781521,0.0649813268464981,-0.10285529296394035,0.11158308562950338
1991-09-01,0.6062641785788893,0.12021423799156834,0.2625321787040761,0.015845694058009726,0.23638678350836004,0.28867757389979215,0.18677995797893898,0.07173898594654293,0.06841063116714315,0.30514928479073483
1991-10-01,0.5258833476370686,0.09314802906000409,0.18134982327097726,0.04128607948875504,0.11322779211453145,0.2494718544274231,0.3913285278881016,0.059997364474250935,0.29233287650558754,0.4903241792706156
1991-11-01,0.6293978520554608,0.07440604121354123,0.2467893137650931,0.03558067092830907,0.18808120673338313,0.3054974207968031,0.34891413176677993,0.08530954531062664,0.208153382004246,0.4896748815293139
1991-12-01,0.5613149625252586,0.053866849864504865,0.3540356401390586,0.0312933923380441,0.30240154278128584,0.40566973749683133,0.2549739605129659,0.06950441040967045,0.14029168333700964,0.36965623768892214
1992-01-01,0.3550217118934875,0.05017258154931784,0.6002926085799829,0.03900145184048078,0.5359402130431896,0.6646450041167762,0.026463437478698674,0.07970808841862768,-0.10505490841203699,0.15798178336943433
1992-02-01,0.2669939861362194,0.03708829977544669,0.5683186443752094,0.043297379450003365,0.49687796828270386,0.639759320467715,0.13490766307352223,0.10610192297515388,-0.04016050983548167,0.3099758359825261
1992-03-01,0.03761620739652174,0.1691676377262843,0.47386789815850583,0.07181733552738823,0.35536929453831523,0.5923665017786964,0.14379291049715673,0.15722822370767175,-0.11563365862050165,0.4032194796148151
1992-04-01,0.529161248999125,0.0946244012140362,0.3516584590982677,0.040747193005999244,0.284425590638369,0.41889132755816644,0.1551450482444895,0.09094849492589183,0.005080031616767983,0.30521006487221103
1992-05-01,-0.011914377188351482,0.1547069288260823,0.6514057145010527,0.08670064430283894,0.5083496514013685,0.7944617776007369,0.2570913275241259,0.21223824550397158,-0.09310177755742721,0.607284432605679
1992-06-01,0.6829504750143309,0.051382103515064906,0.4530612071784484,0.032318913345710715,0.3997350001580257,0.5063874141988711,0.23177590512027293,0.05892163710014568,0.13455520390503256,0.3289966063355133
1992-07-01,0.14642640349574934,0.21456462893042946,0.49301633946447554,0.06911736428274204,0.3789726883979512,0.6070599905309999,0.4512827540486748,0.20667356149433122,0.1102713775830283,0.7922941305143213
1992-08-01,0.4385236404144783,0.03769287646035156,0.613322956865609,0.034017505223972344,0.5571940732460546,0.6694518404851634,0.27782561500546016,0.07477501446693723,0.15444684113501372,0.4012043888759066
1992-09-01,0.5152715751047181,0.050936498926478654,0.62678782202416,0.04263428241064953,0.5564412560465882,0.6971343880017317,0.10868736980843016,0.06996099036357817,-0.006748264291473807,0.22412300390833412
1992-10-01,0.5816586026951508,0.06073131083755544,0.5712412561917553,0.0446935527358975,0.4974968941775244,0.6449856182059861,0.29247095115843,0.08831305437708067,0.14675441143624693,0.43818749088061315
1992-11-01,0.8105659853802301,0.07917800467544361,0.32965813993106485,0.07440339235835819,0.20689254253977385,0.45242373732235586,0.480500200831756,0.1219115571922811,0.27934613146449216,0.6816542701990198
1992-12-01,0.8181975026949194,0.10085819934381131,0.27792000901359803,0.10884767915748123,0.09832133840375401,0.45751867962344206,0.40956640663643207,0.15518386447298246,0.15351303025601104,0.6656197830168531
1993-01-01,0.6373218198591746,0.06537278735772642,0.3850901121946156,0.048508610746530664,0.30505090446284,0.46512931992639117,0.20630249891997401,0.06524474779163524,0.09864866506377588,0.31395633277617213
1993-02-01,0.6650330072481679,0.11240000558920649,0.36974790793530427,0.06031886844198347,0.27022177500603156,0.46927404086457697,0.20597580484158598,0.05645314043011779,0.11282812313189164,0.2991234865512803
1993-03-01,0.9399905270055625,0.08830514069543154,0.2621992196627236,0.03924631058474449,0.1974428071978952,0.32695563212755197,0.07960343776362706,0.04516015244171873,0.005089186234791154,0.15411768929246297
1993-04-01,0.7065455445005941,0.08622655773359038,0.27536389359589,0.038385103907191846,0.21202847214902343,0.3386993150427565,0.22833665853452575,0.0800569806644068,0.09624264043825456,0.360430676630797
1993-05-01,0.8121520204423663,0.10647798266013254,0.23198184677523778,0.04301918755456313,0.1610001873102086,0.30296350624026697,0.22834008682818654,0.06886287221868721,0.11471634766735266,0.3419638259890204
1993-06-01,0.6987801056009887,0.13281677977721656,0.2855153455673805,0.057215987534069826,0.1911089661361653,0.3799217249985957,0.3212974737618606,0.07402086824226864,0.19916304116211733,0.4434319063616038
1993-07-01,0.7341001178840847,0.11886674730603652,0.19910991428398486,0.05979143334407173,0.10045404926626651,0.2977657793017032,0.3045440106358423,0.12182846660876505,0.10352704073137997,0.5055609805403046
1993-08-01,0.6537630821124913,0.10016056425995494,0.2718998903330622,0.05608349918509719,0.17936211667765187,0.36443766398847255,0.38248711267786395,0.11069100256391336,0.1998469584474069,0.5651272669083209
1993-09-01,0.806500843847018,0.1713145992207347,0.23153748781033132,0.08214075293959716,0.096005245459996,0.36706973016066663,0.2910593765761304,0.07201088417963587,0.17224141767973122,0.4098773354725296
1993-10-01,0.8459612796168303,0.0933534848230207,0.19138035735112544,0.07050523579802136,0.0750467182843902,0.3077139964178607,0.24476430374794264,0.06815924064837871,0.13230155667811777,0.3572270508177675
1993-11-01,0.9253773900173093,0.09935939868915965,0.19894369394058672,0.06322295151275482,0.09462582394454128,0.3032615639366322,0.201062917254717,0.05665437411388063,0.10758319996681398,0.29454263454262003
1993-12-01,0.8235673468081427,0.12167894996117586,0.29601335637839987,0.0757345056773755,0.17105142201073031,0.42097529074606943,0.16436325639142815,0.06117618382464327,0.06342255308076676,0.26530395970208953
1994-01-01,0.8477359406086039,0.10823369089262859,0.2171176008266917,0.07244719829551535,0.09757972363909138,0.336655478014292,0.10784616522749418,0.048278169613349665,0.028187185365467243,0.18750514508952112
1994-02-01,0.837436381724584,0.08917705227305489,0.267966571100063,0.05002287783608413,0.18542882267052418,0.3505043195296018,0.08933025710078703,0.05473244120106008,-9.782708809620982e-4,0.17963878508253617
1994-03-01,0.8143540577705014,0.08517874951718052,0.14116198297542112,0.07842968044572124,0.011753010239981099,0.27057095571086115,0.09731552351516547,0.05523631542292317,0.006175603067342245,0.1884554439629887
1994-04-01,0.7167419842559074,0.05400002171008139,0.08219294770765041,0.07295673626691576,-0.03818566713276059,0.2025715625480614,0.1708350531475037,0.06862340884483782,0.057606428553521286,0.2840636777414861
1994-05-01,0.46345779118050834,0.04697389612734921,0.21261674589611357,0.05389711702432222,0.12368650280598191,0.3015469889862452,0.15498293521264042,0.07623044428558765,0.029202702141420817,0.28076316828386005
1994-06-01,0.4067517407966315,0.06574664664292848,0.31257713489473576,0.09230554391058897,0.16027298744226398,0.46488128234720755,0.191993080300468,0.08977892599807916,0.043857852403637404,0.34012830819729856
1994-07-01,0.5723973670199094,0.05030885016173656,0.20225320802563937,0.05883976060914464,0.10516760302055071,0.299338813030728,0.2279046738220279,0.05336628924088222,0.13985029657457224,0.3159590510694835
1994-08-01,0.5950616902177873,0.04589826321544117,0.1380957225252773,0.08453656713027981,-0.0013896132396843675,0.27758105829023894,0.20382816189594752,0.055766740711336506,0.11181303972224228,0.29584328406965277
1994-09-01,0.5365243431284512,0.058431604063544126,0.3167930208934111,0.11448149173701871,0.12789855952733023,0.505687482259492,0.17414179829092064,0.06321315095301476,0.06984009921844629,0.27844349736339497
1994-10-01,0.6295316485467785,0.05431136813917605,0.13372661174944983,0.08060636616551743,7.261075763460856e-4,0.2667271159225536,0.10699687603737498,0.08127632699400911,-0.027109063502740033,0.24110281557749
1994-11-01,0.5746977674175847,0.032541769349284065,0.35332634264046964,0.09103825448565821,0.2031132227391336,0.5035394625418057,0.2683086624500534,0.05200648471354568,0.18249796267270305,0.3541193622274038
1994-12-01,0.49356539198436156,0.051007688094365025,0.3477780569567866,0.11257424354017277,0.16203055511550155,0.5335255587980716,0.3099836920333875,0.10648524520511667,0.134283037444945,0.48568434662183
1995-01-01,0.4097373394273969,0.03377196620514397,0.5653733675334575,0.12832932144513326,0.35362998714898763,0.7771167479179273,0.2337486364640326,0.08048968724457187,0.10094065251048903,0.3665566204175762
1995-02-01,0.38246534155340794,0.10226049231195063,0.5545089322162217,0.16543928408206324,0.28153411348081736,0.827483750951626,0.14721098767703106,0.18849618189001155,-0.163807712441488,0.4582296877955501
1995-03-01,0.4552415706299136,0.0551937478964862,0.5428623300232747,0.10310148587197633,0.37274487833451375,0.7129797817120356,0.17644594207465955,0.13833518064542535,-0.051807105990292285,0.4046989901396114
1995-04-01,0.575253467417171,0.06721516209162849,0.5017287636399108,0.1037938790900936,0.33046886314125634,0.6729886641385653,-0.07169566735502134,0.12895198417953224,-0.28446644125124954,0.14107510654120686
1995-05-01,0.7342375934899477,0.07385672206128423,0.49768107910169185,0.14955305237167893,0.2509185426884216,0.7444436155149621,-0.16331720924048762,0.09196959273313356,-0.31506703725015794,-0.01156738123081727
1995-06-01,0.7216060382761098,0.08984578085216728,0.48567161631435013,0.13324859472562225,0.2658114350170734,0.7055317976116269,-0.05012425091755354,0.11649120870635953,-0.24233474528304674,0.14208624344793966
1995-07-01,0.7345662471411903,0.06603239715463363,0.1931556964416241,0.07375055059307631,0.07146728796304819,0.3148441049202,0.08807762490850077,0.07484031102250017,-0.03540888827862451,0.21156413809562605
1995-08-01,0.7459573146822693,0.06795143269018518,0.17033364514801536,0.09151133868513597,0.019339936317540996,0.3213273539784897,0.1767786645171245,0.04811097294539421,0.09739555915722407,0.25616176987702494
1995-09-01,0.7371226648791802,0.07039283405223136,0.2724091525069624,0.06016207389951485,0.17314173057276291,0.37167657444116187,0.12878761859251434,0.06002479575444243,0.02974670559768433,0.22782853158734434
1995-10-01,0.7983568953621145,0.06447248658067742,0.1920452742524362,0.1007985161185515,0.025727722656826213,0.3583628258480462,0.058755093334107174,0.0566316966231043,-0.03468720609401491,0.15219739276222927
1995-11-01,0.7656844438698157,0.0887402459591304,0.22936251685500245,0.08245708729043975,0.09330832282577686,0.365416710884228,0.0826430558935203,0.05683034656019932,-0.011127015930808573,0.17641312771784917
1995-12-01,0.7856278516363195,0.13470149346909072,0.1381561540371664,0.09196485341272034,-0.013585854093822153,0.289898162168155,0.16715866108308403,0.04795825841860726,0.08802753469238206,0.246289787473786
1996-01-01,0.5860144078538628,0.047280027248216776,0.15490920239081804,0.07913478417265403,0.02433680850593889,0.2854815962756972,0.18881545373846428,0.058773576348788756,0.09183905276296284,0.28579185471396573
1996-02-01,0.5999903915495977,0.04533863599217424,0.3787438789721593,0.05214873423443311,0.29269846748534467,0.4647892904589739,0.08667905062915404,0.042896821601666156,0.015899294986404883,0.1574588062719032
1996-03-01,0.5815782768728511,0.034045851391146555,0.3912141699544335,0.08593062437052208,0.24942863974307206,0.5329997001657949,0.11880223105213145,0.06553242152666204,0.010673735533139078,0.22693072657112381
1996-04-01,0.70449837003661,0.08698204968921028,0.22683316063818612,0.06232476809031994,0.12399729328915822,0.32966902798721404,0.025202499300286018,0.04512768076609081,-0.04925817396376382,0.09966317256433586
1996-05-01,0.8314834248915922,0.08718545215508398,0.18652769491010848,0.07048295904988759,0.07023081247779396,0.302824577342423,0.07444767146612201,0.040875486482589145,0.0070031187698499225,0.1418922241623941
1996-06-01,0.869079122637128,0.10218872916707941,0.21445497178836914,0.06702777412807333,0.10385914447704815,0.32505079909969015,0.03460833539649476,0.05901251622585806,-0.06276231637617104,0.13197898716916057
1996-07-01,0.7132958119268176,0.07398651001268289,0.2947145972112624,0.07991666003685007,0.1628521081504598,0.42657708627206503,0.16593036495659724,0.06207517865091357,0.06350632018258986,0.26835440973060465
1996-08-01,0.7144697561667926,0.0598313308561028,0.2729016803194301,0.07649928462443147,0.14667786068911817,0.399125499949742,0.19203029374074154,0.070923821764021,0.07500598783010691,0.30905459965137616
1996-09-01,0.8327970657693029,0.10017093173942206,0.21761762250340558,0.07702079448279057,0.09053331160680114,0.34470193340001,0.12268798479887943,0.0435967181324254,0.05075339988037754,0.19462256971738134
1996-10-01,0.6242248927137901,0.14356249735540316,0.25826490954998593,0.0940731851310466,0.10304415408375905,0.4134856650162128,0.02865166146825987,0.08002093050465746,-0.10338287386442493,0.16068619680094468
1996-11-01,0.813819880068329,0.09938057301022347,0.23565355265935545,0.10320649498978546,0.06536283592620945,0.40594426939250144,3.800294842700014e-4,0.056909848596442394,-0.09352122069985994,0.09428127966839994
1996-12-01,0.8877896391534993,0.10167746112533466,0.28616727192621466,0.07574861004382004,0.1611820653539116,0.4111524784985177,0.026084987297320658,0.04068967687212037,-0.04105297954167794,0.09322295413631926
1997-01-01,0.8973570099637584,0.08945595956203807,0.18941444845926106,0.04764352874696609,0.11080262602676702,0.2680262708917551,0.09926584889282439,0.07437435571082103,-0.0234518380300303,0.2219835358156791
1997-02-01,0.8146086666182295,0.0997957410862451,0.22544850497592567,0.04541622119924606,0.15051173999716966,0.3003852699546817,0.14754969275189475,0.06887929513943954,0.03389885577181952,0.26120052973197
1997-03-01,0.8983717670855519,0.08946084891551857,0.20104726542978868,0.05687419070590906,0.10720485076503874,0.29488968009453864,0.12303969151536817,0.07282521297256828,0.0028780901106305185,0.24320129292010584
1997-04-01,0.6919499760446335,0.07475459802187244,0.34973302175498994,0.07711434878134228,0.2224943462657752,0.4769716972442047,-0.09641217747977125,0.06600885762142422,-0.2053267925551212,0.012502437595578703
1997-05-01,0.6174699740091357,0.07322519768340732,0.3821671387136812,0.07196181667268875,0.26343014120374475,0.5009041362236176,-0.09397717545688934,0.07257668131969991,-0.21372869963439417,0.0257743487206155
1997-06-01,0.6433501497810499,0.04329902841822409,0.3007467128153932,0.08580756328762285,0.15916423339081553,0.4423291922399709,-0.10922561066804629,0.0760985092254639,-0.23478815089006172,0.01633692955396915
1997-07-01,0.7768838564133531,0.08042940007947175,0.19117399522923403,0.05777506860890018,0.09584513202454874,0.2865028584339193,-0.1538106071968715,0.040727041689126754,-0.22101022598393066,-0.08661098840981236
1997-08-01,0.8496609558527328,0.07398482549124377,0.2510017301346788,0.06044993683639193,0.15125933435463212,0.3507441259147255,-0.1714400444293093,0.0319628097023854,-0.2241786804382452,-0.11870140842037338
1997-09-01,0.7517482976973575,0.09527977643258345,0.19863781401298258,0.043629052873573514,0.1266498767715863,0.2706257512543789,-0.14470623476453776,0.03623008195921379,-0.2044858699972405,-0.08492659953183501
1997-10-01,0.7375031571433716,0.06432266090054731,0.10717089088211133,0.05452813229923271,0.017199472588377368,0.1971423091758453,-0.12122708543961755,0.04894060300227173,-0.2019790803933659,-0.0404750904858692
1997-11-01,0.7427039018572451,0.06041230902936729,0.13612751887325128,0.028288707736624764,0.08945115110782043,0.18280388663868213,-0.13827536114191255,0.0592423089600802,-0.23602517092604489,-0.040525551357780215
1997-12-01,0.7625639842601022,0.07978300753448739,0.1322399407785352,0.040599839785816806,0.06525020513193748,0.19922967642513295,-0.03598932146647328,0.06472444511221444,-0.1427846559016271,0.07080601296868054
1998-01-01,0.7163297922452578,0.08265897664446195,0.2677897592466199,0.06471886514776193,0.16100363175281274,0.3745758867404271,-0.112402696101164,0.04657340551273763,-0.1892488151971811,-0.03555657700514692
1998-02-01,0.725598172255569,0.09884148215813073,0.2059322079383056,0.0507687993783997,0.12216368896394611,0.28970072691266513,0.031814279721641706,0.03802231098455324,-0.03092253340287114,0.09455109284615455
1998-03-01,0.7577952290337877,0.08329200998661171,0.19556752234596886,0.05086199162464788,0.11164523616529987,0.27948980852663785,0.03992660188989328,0.032856068475765055,-0.014285911095119057,0.09413911487490562
1998-04-01,0.6935772751836936,0.14918731666695628,0.189880908043232,0.08832585518022243,0.044143246995865,0.33561856909059895,0.00980760856423597,0.030714377155344866,-0.04087111374208306,0.060486330870554994
1998-05-01,0.8186840360207552,0.09052934750754767,0.16154423053325953,0.05212661381745817,0.07553531773445354,0.24755314333206552,0.0020316925545030436,0.02037720265182012,-0.031590691821000154,0.03565407693000624
1998-06-01,0.6956688819996172,0.14100071451835494,0.23196562092515385,0.06979017793600345,0.11681182733074817,0.3471194145195595,0.01189213634223016,0.030754654473029632,-0.03885304353826873,0.06263731622272906
1998-07-01,0.968406943958554,0.09127938794440765,0.06289621300131229,0.03262735764883813,0.009061072880729375,0.1167313531218952,-0.040810213767020764,0.027772186186816622,-0.08663432097526819,0.005013893441226658
1998-08-01,0.3728195929883879,0.23569184406537436,0.4181754051614866,0.12582503948669801,0.2105640900084349,0.6257867203145383,0.03511255621696715,0.02036814584861305,0.001505115566755623,0.06871999686717867
1998-09-01,0.8134258720598465,0.08925423823232297,0.15452988466730586,0.03894249845898994,0.09027476220997245,0.21878500712463927,-0.04555772660875676,0.027579704123585957,-0.09106423841267358,-5.121480483993163e-5
1998-10-01,0.5313856426429807,0.04996201716486899,0.2050979889494598,0.035224916833837425,0.14697687617362803,0.26321910172529156,-0.00714684775098411,0.056486411834200216,-0.10034942727741446,0.08605573177544625
1998-11-01,0.6088586327807637,0.04742220595161381,0.04064261903029992,0.02824493862760961,-0.005961529705255937,0.08724676776585577,0.2819229343504342,0.04797582168256365,0.2027628285742042,0.3610830401266642
1998-12-01,0.5158772701135095,0.06632860812651176,0.06609160878201582,0.045992493334072,-0.009796005219202972,0.1419792227832346,0.08589604361595941,0.05931712811713456,-0.011977217777312615,0.18376930500923144
1999-01-01,0.7241175528823399,0.07159950661065587,0.010892927014880103,0.05205477618136088,-0.07499745368436535,0.09678330771412556,0.13721859878102222,0.04182462778803588,0.06820796293076302,0.2062292346312814
1999-02-01,0.842980868331172,0.0823952102239816,-0.0018441791468239662,0.0258156097403178,-0.04443993521834833,0.040751576924700404,0.14447133688501018,0.042075197302422644,0.07504726133601282,0.21389541243400756
1999-03-01,0.8777761183379422,0.05947229797101878,0.04923835569516361,0.028928943502686596,0.0015055989157307312,0.0969711124745965,0.11451515792491866,0.06259261200730065,0.011237348112872594,0.21779296773696472
1999-04-01,0.9105137779500927,0.1083474614911886,0.036083323876792306,0.033977974683625824,-0.0199803343511903,0.09214698210477491,0.020925891653080123,0.03538795393681088,-0.03746423234265782,0.07931601564881807
1999-05-01,0.8864833751704336,0.0826578977014467,0.025142890997874243,0.02745378799009071,-0.020155859185775428,0.0704416411815239,0.03758976332345173,0.031782672893487574,-0.014851646950802766,0.09003117359770622
1999-06-01,0.7667463843048911,0.11267212957126063,0.08084596953422712,0.03519535724584066,0.022773630078590047,0.1389183089898642,0.04370069287271376,0.032656295820017917,-0.0101821952303158,0.09758358097574332
1999-07-01,0.5905974676360191,0.07273228815916616,0.20266893229657038,0.03835981024617932,0.1393752453903745,0.26596261920276626,0.04535646357591251,0.05903397054107893,-0.05204958781686772,0.14276251496869274
1999-08-01,0.6296914327695647,0.0540045986723187,0.18700793661537485,0.035644122558123215,0.12819513439447155,0.24582073883627814,0.045112808009303486,0.06919001951964025,-0.06905072419810293,0.1592763402167099
1999-09-01,0.42981033418199655,0.09416338759954415,0.1924282796333665,0.025963692104415476,0.14958818766108098,0.23526837160565203,0.05930652443776395,0.08783671897296959,-0.08562406186763587,0.20423711074316375
1999-10-01,0.6989792820102111,0.04294988645077622,0.1626417046333081,0.030593534523896185,0.11216237266887939,0.2131210365977368,-0.0929315097347504,0.04215401544376896,-0.16248563521696918,-0.023377384252531608
1999-11-01,0.6508242885642164,0.05410716833262825,0.12195366727690299,0.04277757865317038,0.051370662499171854,0.19253667205463412,-0.034925893722629504,0.051299722925091606,-0.11957043654903066,0.04971864910377164
1999-12-01,0.6374028559590029,0.0450229427960141,0.12053390320618433,0.028086622579617,0.07419097594981629,0.16687683046255236,0.041748839915118185,0.05098160140445612,-0.04237080240223441,0.12586848223247077
2000-01-01,0.5822513004377364,0.08724076197171235,0.04793224598962274,0.06124673837402166,-0.05312487232751299,0.14898936430675846,0.09001980871725558,0.07301283185450723,-0.030451363842681337,0.2104909812771925
2000-02-01,0.6615433325722248,0.05973747786313809,0.07079181069528911,0.06249202560697517,-0.032320031556219916,0.17390365294679816,0.2260697216514594,0.060274193658694825,0.12661730211461292,0.32552214118830586
2000-03-01,0.678977990562265,0.03625213410272079,0.13209243262906276,0.06277520792829872,0.028513339547369884,0.23567152571075561,0.18163408288921337,0.05279086209947334,0.09452916042508236,0.2687390053533444
2000-04-01,0.6695079684151651,0.07246718848558405,0.20734506349806303,0.05243972894003841,0.12081951074699965,0.2938706162491264,0.1740989810648145,0.05237448839445041,0.08768107521397134,0.26051688691565766
2000-05-01,0.6261689990007622,0.07446507802336455,0.2473495123631329,0.05867258030407808,0.15053975486140408,0.34415926986486173,0.1548147227805742,0.059900824964732056,0.05597836158876632,0.2536510839723821
2000-06-01,0.6162488718346036,0.056870530896198056,0.23720694505917664,0.057242505637749665,0.1427568107568897,0.3316570793614636,0.23169158197160317,0.058484145212755176,0.13519274237055712,0.3281904215726492
2000-07-01,0.6515445715621245,0.05712958117321601,0.22188427385412127,0.037634717113946115,0.15978699061611018,0.28398155709213235,0.22409665371213677,0.04289275449035689,0.1533236088030479,0.29486969862122564
2000-08-01,0.7352504426553371,0.03985838123763151,0.18699760235715926,0.033077925332479004,0.1324190255585689,0.2415761791557496,0.20308295291657782,0.04519260572521016,0.12851515346998105,0.2776507523631746
2000-09-01,0.8105535712794952,0.04734469445861922,0.16364588402167327,0.03739821941589151,0.10193882198545227,0.22535294605789424,0.17758955496526158,0.06481676954946838,0.07064188520863875,0.2845372247218844
2000-10-01,0.9281981437650615,0.07670986369310417,0.1305348622240623,0.0369160673809294,0.06962335104552879,0.1914463734025958,0.10166071428448203,0.04269712507673923,0.03121045790786231,0.17211097066110176
2000-11-01,0.9411487393437308,0.08598248658986715,0.1380729325451359,0.033824734622296466,0.08226212041834673,0.19388374467192504,0.0851612208201373,0.045082375734483864,0.010775300858238926,0.1595471407820357
2000-12-01,0.9794372564092555,0.08759119591338138,0.07832134859699771,0.03086866809730028,0.027388046236452253,0.12925465095754318,0.08070884694138379,0.03743417810840096,0.018942453062522208,0.14247524082024537
2001-01-01,0.5712201638932233,0.08119739671601461,0.10550674300426491,0.04768593927072185,0.02682494320757385,0.18418854280095598,0.20005155728511967,0.06314334548843765,0.09586503722919755,0.3042380773410418
2001-02-01,0.39474177721344494,0.036516808170447,-5.3350677342238154e-5,0.050629975197965665,-0.08359280975398557,0.08348610839930111,0.050409400578867676,0.06727471663521341,-0.060593881869234444,0.1614126830269698
2001-03-01,0.34619483910949417,0.036430446927640664,0.10956391417493157,0.07465174474087799,-0.013611464647517113,0.23273929299738025,0.047266549384407504,0.07980618229125848,-0.08441365139616899,0.178946750164984
2001-04-01,0.35131991951219754,0.09655888813056805,-0.0036054396397799987,0.12602322161361176,-0.2115437553022394,0.2043328760226794,-0.1493901893581902,0.08133135153389721,-0.2835869193891206,-0.015193459327259823
2001-05-01,0.3499746543113763,0.1038194350971449,-0.1185584814234394,0.13950308914049686,-0.3487385785052592,0.1116216156583804,-0.19284192041840356,0.10750451219152314,-0.37022436553441673,-0.01545947530239039
2001-06-01,0.36274077753275547,0.07039662801377017,-0.057695986205519606,0.13448041776298644,-0.2795886755144472,0.164196703103408,-0.2798350574755725,0.096960062518785875,-0.43981916063156923,-0.11985095431957585
2001-07-01,0.5363006707005121,0.1935893317448428,-0.16775307159026714,0.12227092648970453,-0.3695001002982796,0.033993957117745305,-0.5031618265916031,0.11310287184310408,-0.6897815651327248,-0.31654208805048145
2001-08-01,0.5668276055489788,0.19605156029627865,-0.0810745073304289,0.11242557245103686,-0.2665767018746397,0.10442768721378193,-0.4980506243421643,0.09929813264909926,-0.661892543213178,-0.33420870547115056
2001-09-01,0.6092263092145718,0.2100837799835472,-0.22584970801259147,0.12358253051489851,-0.429760883362174,-0.021938532663008936,-0.2809549145269014,0.11270633881309572,-0.46692037356850935,-0.09498945548529347
2001-10-01,0.602670172137605,0.30301255840513397,-0.33734342988017674,0.1519094730249091,-0.5879940603712768,-0.08669279938907676,-0.1903362734556049,0.3356148684701311,-0.7441008064313211,0.3634282595201114
2001-11-01,0.3946474471850838,0.33802346906467967,-0.10174194143725857,0.15798114818273098,-0.36241083593876466,0.15892695306424753,-0.1200379489362293,0.29914719602715145,-0.6136308223810292,0.37355492450857053
2001-12-01,0.01683342494022439,0.2677410326671829,-0.00791199528432527,0.18349536756031906,-0.31067935175885175,0.29485536119020117,0.8199444952851271,0.14905855043796404,0.5739978870624864,1.0658911035077678
2002-01-01,0.5809197960026513,0.10157520753388578,0.13754985063070788,0.04008787730106784,0.07140485308394595,0.2036948481774698,0.5527059622092947,0.1240318626574708,0.3480533888244679,0.7573585355941215
2002-02-01,0.6822287395428984,0.08317289288366263,0.15336750274329475,0.07366090782019592,0.03182700483997149,0.274908000646618,0.4144293754142019,0.09773612262197229,0.2531647730879476,0.5756939777404562
2002-03-01,0.6878719414247679,0.10167480855185858,0.17642750077022049,0.09956051509243284,0.01215265086770631,0.3407023506727347,0.40688344745420857,0.09159564554535352,0.2557506323043753,0.5580162626040419
2002-04-01,0.7884032620356553,0.03259345900297639,0.0517075012431818,0.07085312252530596,-0.06520015092357302,0.1686151534099366,0.3547059431505609,0.05381262794849328,0.265915107035547,0.44349677926557485
2002-05-01,0.8391481118121362,0.043632136326749595,0.09928529772981304,0.07639045199283831,-0.026758948058370174,0.22532954351799625,0.31808720494778403,0.04769978193009655,0.23938256476312472,0.39679184513244337
2002-06-01,0.9031280099869363,0.04740297217978206,0.11637148449200756,0.06644383685692469,0.0067391536780818245,0.22600381530593328,0.30588798496415515,0.027384186127389683,0.26070407785396216,0.35107189207434814
2002-07-01,0.84720369189652,0.058358925024162386,0.23320929599658305,0.10373715892047898,0.06204298377779274,0.40437560821537333,0.29316533044039034,0.04992766858820724,0.2107846772698484,0.3755459836109323
2002-08-01,0.941167930647439,0.10154627856062573,0.36347488388256166,0.12557745691551406,0.1562720799719635,0.5706776877931599,0.1435507864652031,0.07540728376321613,0.019128768255896503,0.26797280467450973
2002-09-01,1.0404310804740233,0.09047594911805419,0.30104625725241285,0.09913188412650148,0.13747864844368543,0.4646138660611403,0.10591304576716994,0.07288662443882593,-0.014349884556892845,0.22617597609123272
2002-10-01,1.011575380485624,0.08007972661007717,0.27592384499747896,0.08284537326885173,0.1392289791038736,0.4126187108910843,-0.18573159752673912,0.10360700483404404,-0.3566831555029118,-0.014780039550566448
2002-11-01,1.0707721375673955,0.0726921472864506,0.30206269817351405,0.0858471680584326,0.1604148708771003,0.44371052546992784,-0.16950460507187795,0.08386755820344637,-0.30788607610756447,-0.031123134036191463
2002-12-01,0.971108342911955,0.18589465286259416,0.45656108117101496,0.1660589442545325,0.18256382315103636,0.7305583391909936,-0.3639935503269867,0.16418165898686043,-0.6348932876553064,-0.09309381299866704
2003-01-01,1.0170161967310993,0.061832595104129424,0.35762077155832356,0.09319591434374173,0.20384751289114972,0.5113940302254973,-0.39068495628455596,0.07716689855019791,-0.5180103388923825,-0.2633595736767294
2003-02-01,1.0808638780228597,0.06439937794438443,0.3674232252346339,0.08734546659034124,0.22330320536057086,0.511543245108697,-0.2448516250299616,0.059123281193088045,-0.3424050389985569,-0.14729821106136634
2003-03-01,1.1268076344370892,0.08233492281015826,0.33494911341127753,0.08299549985599017,0.19800653864889375,0.47189168817366134,-0.2032869086406564,0.07637398959054761,-0.32930399146505995,-0.07726982581625286
2003-04-01,1.0659257748390472,0.06883650683995444,0.2135474938322649,0.09868966528919365,0.0507095461050954,0.37638544155943443,-0.2346438331589707,0.061307842523045886,-0.3358017733219964,-0.133485892995945
2003-05-01,1.0764544875528974,0.07325958002127196,0.2523650250783837,0.09862879972133048,0.0896275055381884,0.415102544618579,-0.19356883033471664,0.037096664590303544,-0.2547783269087175,-0.1323593337607158
2003-06-01,1.1758802357541513,0.06537872794379436,0.23203667020755522,0.08934725336918882,0.08461370214839367,0.3794596382667168,-0.16736410880894667,0.06073790897581054,-0.26758165861903405,-0.0671465589988593
2003-07-01,0.9770749991017864,0.08398131825672996,0.42299582725071366,0.12082184660034197,0.22363978036014942,0.6223518741412779,0.12288765566221634,0.07599548485530765,-0.0025048943490412617,0.24828020567347392
2003-08-01,1.0100596491901783,0.0910427930035892,0.3865069116788614,0.10464342956901969,0.21384525288997894,0.5591685704677439,0.14379966323538196,0.06947349796453345,0.029168391593901777,0.25843093487686214
2003-09-01,1.0607136672089525,0.10777799354855669,0.4106216880431156,0.09329319838279793,0.25668791071149905,0.5645554653747322,0.11259131554037792,0.058985383320943774,0.015265433060820705,0.20991719801993514
2003-10-01,1.1665188685334014,0.09071961359012942,0.20194035159644355,0.06980767694627266,0.08675768463509367,0.31712301855779346,0.010863336768046086,0.06287043253668329,-0.09287287691748133,0.1145995504535735
2003-11-01,1.1463116912932363,0.09582554751211383,0.2290709465915331,0.06414486131476317,0.12323192542217387,0.3349099677608923,0.008841794432415315,0.06418472054146633,-0.09706299446100412,0.11474658332583475
2003-12-01,1.1712025056028532,0.09211017607311044,0.28201636190869617,0.06465502230100482,0.1753355751120382,0.3886971487053541,0.008291097051562368,0.05236806514412015,-0.07811621043623589,0.09469840453936061
2004-01-01,1.0685931178037558,0.09333628323411032,0.2732852379051348,0.08399188021605379,0.13469863554864606,0.4118718402616236,0.008367458507324798,0.1198224864914244,-0.18933964420352545,0.20607456121817502
2004-02-01,1.0963441573664499,0.07837219592685063,0.36309418326915205,0.06298269366643283,0.2591727387195379,0.4670156278187662,-0.03455919598734712,0.09602513621071126,-0.1930006707350207,0.12388227876032647
2004-03-01,1.1738039561338618,0.07494657141650639,0.28604351453621163,0.046609291760427815,0.20913818313150573,0.36294884594091753,-0.03044119292582794,0.08409170821622439,-0.16919251148259817,0.10831012563094228
2004-04-01,1.1534674478415645,0.06510718556875926,0.23338501184904079,0.09778030500571584,0.07204750858960965,0.3947225151084719,-0.14093803833336374,0.09574186118061016,-0.29891210928137046,0.01703603261464301
2004-05-01,1.0634402430464225,0.07151618255151275,0.16844266635349245,0.09141282678644877,0.017611502155852,0.3192738305511329,-0.1877664587732064,0.08083824401361027,-0.32114956139566336,-0.05438335615074946
2004-06-01,0.9716840877524724,0.05192447487867325,0.26309479250097567,0.07290228551639771,0.14280602139891946,0.3833835636030319,-0.1543621528427158,0.055749186744858716,-0.24634831097173265,-0.06237599471369891
2004-07-01,0.974653682068012,0.027260038591660683,0.056567696231818954,0.06837389964104552,-0.05624923817590616,0.16938463063954406,0.009764747295074384,0.03781919993034899,-0.05263693259000145,0.07216642718015022
2004-08-01,0.9641565454452488,0.031441635343027546,0.010721971843856067,0.061262453624677735,-0.09036107663686219,0.11180502032457432,-0.02437108671439144,0.029126723239711966,-0.07243018005991618,0.0236880066311333
2004-09-01,0.9604399446166146,0.028841435697784887,0.017566569569394452,0.06609606052443769,-0.09149193029592773,0.12662506943471663,-0.03152809096004854,0.04094546311757263,-0.09908810510404337,0.03603192318394629
2004-10-01,0.906850009091301,0.03135888607761394,0.02370205924637218,0.059483740531868626,-0.07444611263121104,0.1218502311239554,-0.00951404851430931,0.055009615203424726,-0.10027991359996011,0.08125181657134148
2004-11-01,0.8594893253202912,0.052237233853889654,0.0702222211953481,0.058641295030150614,-0.026535915604400412,0.1669803579950966,-0.024481748763155266,0.08796122919324442,-0.16961777693200855,0.12065427940569803
2004-12-01,0.8803130435971961,0.014757192695225572,-0.013095913417796142,0.049281357598220686,-0.09441015345486027,0.06821832661926798,0.027070805600406433,0.042595421981342786,-0.043211640668809156,0.09735325186962203
2005-01-01,0.8278555982109087,0.022646727438157266,0.045782353692006755,0.046669709046941565,-0.031222666235446825,0.12278737361946034,0.019773888990364193,0.04958640304883385,-0.062043676040211646,0.10159145402094004
2005-02-01,0.7923110664756187,0.019391237077893392,0.06572800340910102,0.06184649154471303,-0.03631870763967547,0.1677747144578775,-0.059097606398517744,0.048128546490852894,-0.138509708108425,0.020314495311389527
2005-03-01,0.7787560653725126,0.02557077499674946,0.15726744677767332,0.05329412790090271,0.06933213574118385,0.2452027578141628,-0.0445665572190046,0.047937986424031714,-0.12366423481865692,0.03453112038064772
2005-04-01,0.7512014726590773,0.031594016012963744,0.06973871686995674,0.08314831815730682,-0.06745600808959952,0.206933441829513,0.004660720763330581,0.03324178324869774,-0.05018822159702069,0.05950966312368185
2005-05-01,0.773416688757877,0.03503487444238705,0.11260319720091605,0.07262756360653175,-0.007232282749861332,0.23243867715169342,0.05582592860270699,0.037590773989126296,-0.006198848479351392,0.11785070568476538
2005-06-01,0.784708881257662,0.014270019663812143,0.22326993479777596,0.07662170213798751,0.09684412627009659,0.34969574332545533,0.09835253613937783,0.01687027805768023,0.07051657734420545,0.1261884949345502
2005-07-01,0.6750884643837173,0.01667208230198448,0.2022802213230488,0.06648702363224228,0.09257663232984904,0.31198381031624856,0.04127672228954655,0.04322697850708991,-0.030047792247151796,0.1126012368262449
2005-08-01,0.6383695211462946,0.025670332492072425,0.2501346479899592,0.07682268126054131,0.12337722391006606,0.37689207206985237,-0.02066644745938533,0.04285652346888957,-0.0913797111830531,0.05004681626428245
2005-09-01,0.6333395469208294,0.040169426292601784,0.303137197837109,0.07301714866119445,0.1826589025461382,0.42361549312807983,-0.022083757108059217,0.05463475481049068,-0.11223110254536883,0.06806358832925041
2005-10-01,0.6138158077736893,0.053652724538734306,0.12985132893699275,0.04765699650884804,0.05121728469739349,0.208485373176592,0.03225778233335022,0.021694220532787536,-0.0035376815457492106,0.06805324621244965
2005-11-01,0.6325060712873406,0.046179086078815226,0.3133133521631608,0.04477230366080872,0.23943905112282643,0.3871876532034952,0.061200836633785095,0.020657583960774342,0.027115823098507436,0.09528585016906276
2005-12-01,0.6480343809345451,0.040983549987356926,0.2718365283418628,0.0727877615992823,0.151736721703047,0.3919363349806786,0.06628864047599257,0.022897801014341832,0.028507268802328553,0.1040700121496566
2006-01-01,0.5264337521933984,0.03599105544992394,0.38012095755351166,0.0606488592309854,0.28005033982238575,0.4801915752846376,0.056844974170566845,0.030483600984508766,0.006547032546127381,0.10714291579500632
2006-02-01,0.5012916300430473,0.0338507336308468,0.38450218281390086,0.053842798924401795,0.2956615645886379,0.4733428010391638,0.046731095246994266,0.034015854643170536,-0.009395064914237118,0.10285725540822566
2006-03-01,0.5290057112939465,0.0459586267747822,0.37503736538626553,0.06993975535769685,0.25963676904606575,0.4904379617264653,0.04493562795286862,0.05504236680615788,-0.04588427727729187,0.13575553318302913
2006-04-01,0.6080670185235321,0.07635791291643698,0.43688766660381106,0.0870955585704786,0.2931799949625214,0.5805953382451008,0.05227085277357942,0.06102216426494283,-0.048415718263576234,0.15295742381073507
2006-05-01,0.5706251785586567,0.08400288802682251,0.5170492515080355,0.08556922769965268,0.37586002580360856,0.6582384772124624,0.042974417399375534,0.061566274812957934,-0.058609936042005054,0.14455877084075613
2006-06-01,0.5803827556319424,0.07870133618406268,0.5047167147364288,0.06792164499528025,0.3926460004942164,0.6167874289786411,0.018652339825122804,0.04746002316776946,-0.059656698401696795,0.09696137805194241
2006-07-01,0.6211592163274874,0.06774700757511572,0.6583425492010232,0.0804096890760719,0.5256665622255046,0.7910185361765418,-0.025812280049518854,0.06988674099332316,-0.14112540268850207,0.08950084258946436
2006-08-01,0.545839144964808,0.05382414098806862,0.7229636818729038,0.06988929860066193,0.6076463391818117,0.838281024563996,0.03291413600611841,0.04504969203329637,-0.0414178558488206,0.10724612786105742
2006-09-01,0.6201563363694846,0.059963908417248094,0.5668830877330188,0.07125968575670807,0.44930460623445045,0.6844615692315871,0.011245998819209246,0.05001919001154646,-0.0712856646998424,0.0937776623382609
2006-10-01,0.8140878671509217,0.08126908377051212,0.15006191034910932,0.048843072831045026,0.06947084017788503,0.23065298052033362,0.08296827631967238,0.0420948938513298,0.01351170146497821,0.15242485117436655
2006-11-01,0.80973982820817,0.08074547694997816,0.2924547235172411,0.06443844506864084,0.18613128915398375,0.3987781578804985,0.05276827377254599,0.02256792463668929,0.015531198122008663,0.09000534942308332
2006-12-01,0.8471056946364479,0.09166939072502286,0.35404289047652393,0.06739332236687992,0.24284390857117205,0.4652418723818758,0.03562084514009741,0.020678390416333535,0.001501500953147078,0.06974018932704774
2007-01-01,0.7457202244737201,0.10805598601076812,0.21902319848452612,0.09883399917657958,0.05594709984316981,0.3820992971258824,0.052454398239184324,0.045151156291904304,-0.022045009642457772,0.1269538061208264
2007-02-01,0.9338323592535759,0.09454982894938187,0.2947571555095846,0.06690640784431688,0.18436158256646173,0.40515272845270744,0.002260167583504027,0.054513884979203224,-0.08768774263218128,0.09220807779918934
2007-03-01,0.9584281809768089,0.10566013471043277,0.1875224849503595,0.08614131109905182,0.045389321636923996,0.329655648263795,-0.003913154893359847,0.06149696008213989,-0.10538313902889065,0.09755682924217096
2007-04-01,0.8767815377203768,0.09868129460046703,0.16254277332258021,0.07516727297300364,0.038516772917124215,0.28656877372803624,-0.021537821815036,0.024691491970036103,-0.06227878356559556,0.019203139935523566
2007-05-01,0.9270861169499688,0.09107451920506861,0.1756268576870427,0.06470303815432102,0.06886684473241303,0.28238687064167234,-0.0385720446097557,0.030155416970936592,-0.08832848261180107,0.01118439339228968
2007-06-01,0.9205764272877391,0.09428913220935958,0.14848349428417953,0.07398599719528572,0.02640659891195811,0.27056038965640095,-0.028095036502817767,0.01976846473046601,-0.06071300330808668,0.004522930302451145
2007-07-01,0.8603396001969857,0.07902565907914504,0.2199704569373667,0.0536333565677352,0.13147541860060363,0.30846549527412975,0.0673978041338156,0.02415675301240282,0.02753916166335095,0.10725644660428026
2007-08-01,0.8838411933691649,0.09317435049471189,0.2107388716792702,0.05846392673164675,0.11427339257205306,0.30720435078648733,0.05869934908744236,0.02230512442441766,0.021895893787153217,0.0955028043877315
2007-09-01,0.8838544371296184,0.08307993617186243,0.01610224142267607,0.049816951136488305,-0.06609572795252963,0.09830021079788176,-0.14435011671238762,0.05999975883449632,-0.24334971878930656,-0.0453505146354687
2007-10-01,0.7773629558912523,0.07586100932386565,-0.07349656854577212,0.057425354184733705,-0.16824840295058274,0.02125526585903849,-0.3006099562401725,0.0629816189943129,-0.4045296275807888,-0.19669028489955623
2007-11-01,0.7285382073284477,0.06357501213108306,-0.027814170131527538,0.061713994523684666,-0.12964226109560723,0.07401392083255215,-0.2669043932255133,0.05924600724168801,-0.3646603051742985,-0.16914848127672807
2007-12-01,0.6066492087347576,0.035867835722536726,0.15238169660059395,0.03369818604769969,0.09677968962188946,0.20798370357929843,-0.15737892368461717,0.03399008732081403,-0.21346256776396033,-0.10129527960527403
2008-01-01,0.7103786117772809,0.08071155283273462,0.05203150309202802,0.08209797613364365,-0.083430157528484,0.18749316371254005,-0.19951283912656265,0.0399409378226332,-0.2654153865339074,-0.13361029171921787
2008-02-01,0.48194985566298426,0.0771741971088766,0.17344962376468612,0.09188478823193949,0.02183972318198596,0.3250595243473863,-0.32107193788943855,0.09176243985198657,-0.4724799636452164,-0.16966391213366072
2008-03-01,0.5064265967626254,0.05874139254262733,0.05852141707334625,0.10230551580930072,-0.11028268401199993,0.22732551815869245,-0.3122462626756092,0.07057592854575016,-0.4286965447760969,-0.19579598057512143
2008-04-01,0.4605455167900129,0.14057364178407733,-0.06644642666493406,0.10806200566691558,-0.24474873601534475,0.11185588268547664,-0.35912654424327645,0.09787651302418097,-0.5206227907331751,-0.19763029775337784
2008-05-01,0.3791367486837229,0.14588135949775644,0.16537237787500192,0.11714697694715044,-0.02792013408779631,0.35866488983780015,-0.39964814303978485,0.1014192448215782,-0.5669898969953888,-0.23230638908418083
2008-06-01,0.4117625010436737,0.18274685595897372,-0.1548825569883047,0.11614865666789473,-0.346527840490331,0.03676272651372159,-0.20421084859878708,0.10869770950190037,-0.3835620692769227,-0.024859627920651467
2008-07-01,0.9570163519688718,0.07699478241211968,0.06114084993760966,0.04159283839183491,-0.007487333408917947,0.12976903328413728,-0.1475058993266175,0.017627812144983258,-0.17659178936583989,-0.11842000928739513
2008-08-01,1.0094144273383476,0.07632655641743273,0.025363311427725244,0.0391986563860638,-0.03931447160928002,0.0900410944647305,-0.12366001741509036,0.014456232538491189,-0.14751280110360082,-0.0998072337265799
2008-09-01,1.0298261968140585,0.08480527698916428,0.03227188648585419,0.0398109277705689,-0.0334161443355845,0.09795991730729288,-0.12655358905404882,0.018571072700161617,-0.1571958590093155,-0.09591131909878214
2008-10-01,1.080237857937143,0.048776536213410555,0.060825629457741844,0.03242345672257973,0.0073269258654852926,0.1143243330499984,-0.11728924251766938,0.033348303950088934,-0.17231394403531614,-0.06226454100002264
2008-11-01,0.7611356113805772,0.17583360919972854,-0.3199943895724353,0.09666837456070106,-0.47949720759759207,-0.16049157154727858,-0.0328558502524561,0.03982893098335808,-0.09857358637499691,0.03286188587008473
2008-12-01,0.6491617841435126,0.19595267666193616,-0.3944154467700645,0.10581583156576839,-0.5690115688535824,-0.2198193246865467,0.0504093682973879,0.02932296716680043,0.0020264724721671956,0.09879226412260861
2009-01-01,0.9905892034264397,0.0406554088965478,-0.23974850977595916,0.06367004790707824,-0.34480408882263824,-0.13469293072928007,0.058120828495726924,0.014763858889817584,0.03376046132752791,0.08248119566392594
2009-02-01,1.045355962383649,0.2026582953879328,-0.20795758801659062,0.06867960937604604,-0.3212789434870666,-0.09463623254611465,0.06371444980642942,0.019721942411108757,0.031173244828099966,0.09625565478475887
2009-03-01,1.0567100623658106,0.3003046780662345,-0.17423216639749067,0.05495639650331422,-0.2649102206279591,-0.08355411216702222,0.04560239598367297,0.016738425533725766,0.01798399385302546,0.07322079811432049
2009-04-01,1.2941624536634373,0.09963125597595132,0.10666383509552203,0.054711455399552036,0.016389933686261182,0.19693773650478288,0.043994695447875334,0.014561470051327841,0.0199682698631844,0.06802112103256627
2009-05-01,1.3118817370118026,0.1051142164737764,0.12259736270064647,0.05542831973391583,0.03114063513968536,0.2140540902616076,0.044576770437411664,0.01396465764844336,0.02153508531748012,0.06761845555734321
2009-06-01,1.363948494401297,0.1135099286355999,0.1291874305847647,0.05149543104215859,0.04421996936520303,0.21415489180432637,0.037682124558508626,0.012422593809286364,0.017184844773186124,0.05817940434383113
2009-07-01,1.1263618181773474,0.11447791372285827,0.2096938638111109,0.06895521076701053,0.09591776604554354,0.3234699615766783,0.01957984076914093,0.012230850486731025,-6.010625339652603e-4,0.03976074407224712
2009-08-01,1.2130359823712555,0.10458764181065432,0.18449005153112705,0.05123280173587515,0.09995592866693306,0.269024174395321,0.01712492749063977,0.012520878415210292,-0.003534521894457212,0.037784376875736755
2009-09-01,1.2660332058636259,0.10734431309512577,0.1548732635281806,0.047186397659991296,0.07701570738919496,0.23273081966716624,0.010723292826801489,0.013561060419840093,-0.011652456865934665,0.033099042519537644
2009-10-01,1.1604545633399226,0.11180287831725419,0.1554022645840946,0.05668750227385946,0.061867885832226494,0.2489366433359627,-0.04376432183995431,0.04827888706012053,-0.12342448548915319,0.03589584180924457
2009-11-01,1.194265907266925,0.11512998427081636,0.17089689814660033,0.06235904476337747,0.06800447428702752,0.2737893220061731,-0.03778909323913259,0.06391847963683527,-0.14325458463991078,0.06767639816164558
2009-12-01,1.2511228696476808,0.12402083237989682,0.1569012076805616,0.04710956027448992,0.07917043322765323,0.23463198213346997,-0.02602759110130541,0.0344416460198633,-0.08285630703407984,0.030801124831469025
2010-01-01,0.9743010741283314,0.0914142253523589,0.23152424734125632,0.055528227189977436,0.13990267247779353,0.3231458222047191,-0.011696706523119244,0.039667401340789374,-0.0771479187354217,0.05375450568918322
2010-02-01,1.0169337773162386,0.09061405274885675,0.2111175432717344,0.051338775636874154,0.12640856347089205,0.29582652307257673,-0.008449807700351067,0.03621572936992641,-0.06820576116072964,0.05130614576002751
2010-03-01,1.0220771677933056,0.10127884224012003,0.20404460003403999,0.060924103402768395,0.10351982941947215,0.30456937064860784,-0.017688608191784857,0.03018256250416962,-0.06748983632366473,0.03211261994009501
2010-04-01,0.9317498220311374,0.09611974393058312,0.2340453965569615,0.060834887210662617,0.13366783265936819,0.3344229604545548,0.03838474712535333,0.0681354490769791,-0.07403874385166218,0.15080823810236885
2010-05-01,0.9098741223397354,0.10842425239129586,0.23012766327657155,0.06775519873382481,0.11833158536576062,0.3419237411873825,0.11041280171666604,0.08253003659269104,-0.02576175866127417,0.24658736209460624
2010-06-01,0.9254952116571297,0.10128377503382557,0.18456193893638823,0.039157784027448975,0.11995159529109742,0.24917228258167903,0.20609194244204998,0.043615787951784224,0.13412589232160602,0.27805799256249397
2010-07-01,0.914213825459888,0.09132682670952984,0.1852176884729013,0.04228327828460019,0.11545027930331098,0.2549850976424916,0.24241638972300475,0.0416452995545198,0.17370164545804706,0.31113113398796244
2010-08-01,1.0182334452222048,0.09407079773837715,0.16214868126532325,0.03379003989890253,0.10639511543213409,0.2179022470985124,0.1878395127156688,0.04468014510815902,0.1141172732872064,0.2615617521441312
2010-09-01,1.125103037693492,0.15797881434898026,0.1770726192651375,0.06692310322833317,0.06664949893838779,0.28749573959188723,0.13607534313332859,0.05434328000964842,0.046408931117408694,0.2257417551492485
2010-10-01,1.2262144321299866,0.0874500382869347,0.2134476591175966,0.05893834839322783,0.1161993842687707,0.31069593396642253,0.07538905814002439,0.057287060685920994,-0.019134591991745248,0.16991270827179403
2010-11-01,1.3490345837413382,0.08990678907989647,0.16768949870509228,0.05247125181356326,0.0811119332127129,0.2542670641974717,0.015082228273315968,0.033113093422136974,-0.039554375873210035,0.06971883241984198
2010-12-01,1.2964479189837266,0.10114966345295114,0.13563483504445156,0.05287045450684652,0.04839858510815481,0.2228710849807483,0.028364980314680086,0.04141364450571174,-0.039967533119744283,0.09669749374910445
2011-01-01,1.2914160254370943,0.07716524037138775,0.1779470065837493,0.03732510090157025,0.11636059009615837,0.2395334230713402,0.014240289422918535,0.032581362281898736,-0.039518958342214375,0.06799953718805145
2011-02-01,1.2847493500877833,0.09665207824062105,0.16563406013938992,0.041309286540991405,0.0974737373467541,0.23379438293202573,-0.03296412544191338,0.027851653804204388,-0.07891935421885062,0.01299110333502386
2011-03-01,1.2870665109826798,0.0885414597914175,0.15566176774099416,0.029552460979300466,0.10690020712514839,0.20442332835683993,-0.04396716835853991,0.02145596531688036,-0.0793695111313925,-0.008564825585687316
2011-04-01,1.141439718456174,0.07061381057234223,0.14476449459574914,0.060512436748500306,0.04491897396072364,0.24461001523077464,-0.06802772139712471,0.02649915138864699,-0.11175132118839223,-0.024304121605857175
2011-05-01,1.17041707751512,0.06717980130974109,0.1488415616580702,0.05124139913047234,0.06429325309279084,0.23338987022334956,-0.07993317928032105,0.0325666014155988,-0.13366807161605906,-0.026198286944583038
2011-06-01,1.1696456682817558,0.06707939672911588,0.17345510077172832,0.052508326654441675,0.08681636179189955,0.2600938397515571,-0.055453259612870474,0.0279655039969898,-0.10159634120790365,-0.00931017801783731
2011-07-01,1.0486189618999153,0.09050220986955915,0.2253549234694115,0.07396281056819337,0.10331628603189244,0.3473935609069305,-0.017302950821811273,0.031847774121581476,-0.0698517781224207,0.03524587647879816
2011-08-01,1.0941247697219592,0.086670500059603,0.25939546499055516,0.06673948210185138,0.1492753195225004,0.3695156104586099,0.03248288071322357,0.03277836765946865,-0.0216014259248997,0.08656718735134683
2011-09-01,0.6677401430156068,0.2486259128742461,0.025751579590701762,0.008046756799074488,0.012474430872228858,0.039028728309174664,0.003393659979955295,0.007045568824548158,-0.008231528580549166,0.015018848540459755
2011-10-01,0.3733223615106343,0.08689570445471459,0.04678698274671162,0.014609943125738229,0.022680576589243544,0.0708933889041797,0.008973342016613147,0.004252300691066479,0.001957045876353457,0.015989638156872838
2011-11-01,0.40134924438322706,0.10419453562608894,0.050940251914859465,0.015591156783209562,0.02521484322256369,0.07666566060715524,0.0027969374476527423,0.004055209364581688,-0.003894158003907043,0.009488032899212528
2011-12-01,0.40661501738320655,0.09504385152951401,0.0546808810377083,0.017375425211024382,0.026011429439518074,0.08335033263589853,0.0018501763539285005,0.003636754278191129,-0.004150468205086862,0.007850820912943863
2012-01-01,0.9443164781934921,0.360565723529784,0.038818790085647606,0.016432856672724788,0.011704576575651708,0.0659330035956435,0.039333528480668525,0.019483495805110385,0.007185760402236389,0.07148129655910065
2012-02-01,0.5186565297684307,0.26535679530427325,0.027570135907409483,0.005935232609617514,0.01777700210154059,0.03736326971327838,0.026233101597855277,0.012486996457490898,0.005629557442995297,0.04683664575271526
2012-03-01,0.561783921659674,0.28261175006451883,0.02217599210998754,0.011231286369936325,0.0036443695995926027,0.04070761462038247,0.02552710783480656,0.011582994610901133,0.006415166726819695,0.04463904894279343
2012-04-01,1.44035619543215,0.18048251183129543,0.039981638102696386,0.01435432138850821,0.01629700781165784,0.06366626839373493,0.08543358541550061,0.03739831376014351,0.023726367711263817,0.1471408031197374
2012-05-01,1.3656487699983528,0.16957319100938795,0.038506297994170165,0.0187130267413301,0.0076298038709755045,0.06938279211736482,0.06894135676459444,0.03628467962770394,0.009071635378882947,0.12881107815030593
2012-06-01,1.2752745292632228,0.1535023965754691,0.022604716150952126,0.016701440446115684,-0.004952660585138751,0.050162092887043,0.10041939965115071,0.032408551982711004,0.046945288879677555,0.15389351042262386
2012-07-01,1.4831028288783545,0.0985783836431104,0.05357855506404576,0.020244836434436142,0.02017457494722613,0.08698253518086539,0.04151481671114162,0.020496789699095318,0.00769511370763435,0.07533451971464888
2012-08-01,1.6353439683047786,0.12314964166160965,0.011525654861408843,0.011723878650728329,-0.0078187449122929,0.030870054635110587,0.03339261392435272,0.01317143069738933,0.011659753273660329,0.055125474575045116
2012-09-01,2.044087090017613,0.6834612873042842,0.01471363159262967,0.008722295118468436,3.2184464715675175e-4,0.02910541853810259,0.020236996485591543,0.012204108364012848,1.00217684970344e-4,0.04037377528621274
2012-10-01,1.9317900768868899,0.4927307340116417,0.016413608911454814,0.00413049507644741,0.009598292035316588,0.02322892578759304,0.003834424027917633,0.007417542889011054,-0.008404521738950605,0.016073369794785873
2012-11-01,1.890480415884975,0.5004647391507049,0.024169947264239842,0.00627668218286894,0.013813421662506093,0.034526472865973594,0.027781112613886695,0.01930241335959093,-0.004067869429438341,0.05963009465721173
2012-12-01,0.5684087037328525,0.44332020747451045,0.00741972575305659,0.004309460822743505,3.0911539552980725e-4,0.014530336110583372,0.005394513220593509,0.007274733026450252,-0.006608796273049406,0.017397822714236424
2013-01-01,0.6360354093065579,0.1932487090119233,0.015135616532898504,0.008053031260265641,0.0018481149534601976,0.02842311811233681,0.005689466968818572,0.009146115638775728,-0.009401623835161379,0.02078055777279852
2013-02-01,0.6288694713173144,0.17098299865464578,0.007464483791275807,0.005322902138350627,-0.0013183047370027264,0.01624727231955434,0.01468871652288811,0.007566811968062412,0.002203476775585132,0.02717395627019109
2013-03-01,0.6770504524981654,0.1311372747043661,0.007531343530171897,0.005189807596882586,-0.0010318390046843689,0.01609452606502816,0.017167110462676053,0.006648131865138975,0.006197692885196745,0.02813652804015536
2013-04-01,1.2665508272698598,0.3647099553482084,0.011783722657855877,0.005018848998757167,0.0035026218099065524,0.020064823505805202,0.03877309815278545,0.020613702811383035,0.004760488514003444,0.07278570779156746
2013-05-01,1.2564925743060908,0.3631858651074659,-0.0010217121964904514,0.0047893959731195685,-0.00892421555213774,0.006880791159156836,0.04025415854623649,0.019233898788915807,0.008518225544525415,0.07199009154794757
2013-06-01,1.1442190964432855,0.31075252410850085,0.0022874733981500003,0.00867140800262034,-0.01202034980617356,0.01659529660247356,0.022118456758477126,0.012209469221267373,0.001972832543385962,0.04226408097356829
2013-07-01,1.2801916058377638,0.12851868531665872,0.01710456129120468,0.010953626435005538,-9.689223265544576e-4,0.03517804490896381,-0.008207487458519496,0.011586559820999091,-0.027325311163167994,0.010910336246129002
2013-08-01,1.04588667624636,0.511954776702776,0.007426023384362009,0.009783995908747073,-0.008717569865070662,0.023569616633794678,0.0034744135260934197,0.011307567844531869,-0.015183073417384162,0.022131900469571003
2013-09-01,1.0772057895709948,0.22598100232735546,0.005304356602310009,0.007872917610705611,-0.007685957455354249,0.01829467065997427,0.004782548479580226,0.014478141957450574,-0.019106385750213218,0.028671482709373673
2013-10-01,1.2495728161134845,0.1403471197401041,-0.015636224467753302,0.021024381739174577,-0.05032645433739136,0.01905400540188475,0.019495250391757226,0.0279866389980374,-0.026682703955004484,0.06567320473851894
2013-11-01,1.1335897874569099,0.2996345750450868,-0.010900229716490212,0.019568516297240577,-0.04318828160693716,0.02138782217395674,0.011036700167158565,0.02227889321847508,-0.025723473643325317,0.04779687397764244
2013-12-01,1.1354590484322324,0.2927767877658857,-0.016368034769892213,0.01771388442724596,-0.045595944074848044,0.012859874535063619,0.017920536979504235,0.02001907534219664,-0.015110937335120221,0.05095201129412869
2014-01-01,1.3455246430679777,0.17232017913557363,0.01654055137567629,0.01219926701900598,-0.003588239205683578,0.03666934195703615,-0.042740077672169315,0.03481183716099401,-0.10017960898780942,0.014699453643470799
2014-02-01,1.3149016417856487,0.06959600056346128,0.029600852266187725,0.016082345781081385,0.003064981727403441,0.056136722804972006,-0.04430618294313158,0.03453141634776759,-0.1012830199169481,0.012670654030684937
2014-03-01,1.2795468830708194,0.3237816896852625,0.027092422444374573,0.0090630333129960855,0.012138417477931034,0.04204642741081811,-0.019428628728551507,0.02543510288165082,-0.06139654848327536,0.022539291026172345
2014-04-01,1.1291489933377903,0.15952875085674623,0.08820537974088931,0.04471255839516751,0.014429658388862926,0.1619811010929157,0.023437140976625515,0.043194570539179404,-0.047833900413020505,0.09470818236627153
2014-05-01,1.3476308951976999,0.010724343678701995,0.07286009137140441,0.04188420346002132,0.003751155662369235,0.14196902708043957,0.04002446750288328,0.025023499990618012,-0.0012643074816364383,0.08131324248740299
2014-06-01,1.3672060121766145,0.06313028699722682,0.06840348887744739,0.041412361032476815,7.30931738606444e-5,0.13673388458103414,-0.02420135153477618,0.030483908063122896,-0.07449979983892896,0.026097096769376594
2014-07-01,1.2122660610663512,0.07412761877256366,0.17194455628806538,0.058475292194556244,0.07546032416704758,0.2684287884090832,0.03483933524631212,0.037722496130978826,-0.02740278336980294,0.09708145386242718
2014-08-01,1.1723119171139813,0.07661000690522604,0.18933353397078367,0.05502371760301856,0.09854439992580306,0.2801226680157643,0.12452847833266345,0.022955698426231005,0.0866515759293823,0.1624053807359446
2014-09-01,1.1922162721432803,0.07695032096699538,0.17844144916418528,0.04813673358459857,0.09901583874959764,0.25786705957877293,0.09211636575852712,0.03670472835138363,0.031553563978744134,0.15267916753831012
2014-10-01,0.9135312923565138,0.051405185873302735,0.2254017576261542,0.030864727187736925,0.17447495776638827,0.2763285574859201,0.2110407950932538,0.04852507560300775,0.13097442034829102,0.2911071698382166
2014-11-01,0.987882625574453,0.05758168444581038,0.22984446953698712,0.046077144817248845,0.15381718058852653,0.3058717584854477,0.09043022197918398,0.033793752245579366,0.034670530773978026,0.14618991318438992
2014-12-01,0.9568145224412111,0.07710670531502586,0.22019385780796194,0.04827186906921464,0.14054527384375778,0.2998424417721661,0.13516890944752752,0.041414335038769096,0.06683525663355852,0.20350256226149652
2015-01-01,0.8587970989227773,0.07029540521468601,0.26031681742766594,0.0615509017397689,0.15875782955704726,0.3618758052982846,0.0801776357259197,0.025014218719665582,0.038904174838471486,0.1214510966133679
2015-02-01,0.942773110585996,0.06874249397969139,0.22345711595945175,0.05402254234300625,0.13431992109349145,0.31259431082541206,0.0408867395443872,0.0183508735078371,0.01060779825645599,0.07116568083231842
2015-03-01,0.9656569529523218,0.08570802676343707,0.2180343321796696,0.05918381516078518,0.12038103716437407,0.3156876271949651,0.03370851038272007,0.021657306379104214,-0.0020260451428018855,0.06944306590824202
2015-04-01,0.8950886073180963,0.04983424289237406,0.16964577764148034,0.0714380552589724,0.051772986464175885,0.2875185688187848,0.07186068025740953,0.02184695034374906,0.035813212190223584,0.10790814832459548
2015-05-01,0.8440410581049429,0.057533199449940065,0.22370417862289965,0.0532861820785795,0.1357819781932435,0.3116263790525558,0.07327532467140684,0.011164641038398641,0.05485366695804908,0.09169698238476459
2015-06-01,0.8645983128583543,0.04104369158560126,0.25929418408518395,0.05372649360210504,0.17064546964171062,0.3479428985286573,0.06107705873265419,0.017271809894734827,0.032578572406341724,0.08957554505896666
2015-07-01,0.8494786613701502,0.03594220703907699,0.2919985728546057,0.05305685753086668,0.20445475792867565,0.37954238778053573,0.06905881293169969,0.015184663906912648,0.044004117485293814,0.09411350837810556
2015-08-01,0.8792962455948018,0.02164047279367491,0.23593665834415264,0.04157593396407614,0.16733636730342702,0.3045369493848783,0.08813137849676898,0.015913898486185445,0.061873445994563,0.11438931099897497
2015-09-01,0.859968598559843,0.03729277841465946,0.21506328737811964,0.05494165024712485,0.12440956447036364,0.3057170102858756,0.10072347961780857,0.018028826901067545,0.07097591523104713,0.13047104400457002
2015-10-01,0.8165275168157715,0.05567775051711005,0.25125710757945996,0.0831335483346432,0.11408675282729869,0.38842746233162123,0.09734202791546219,0.03599776996635763,0.037945707470972104,0.15673834835995226
2015-11-01,0.8544507152440295,0.07749673856756448,0.19569497516102496,0.09609433412587955,0.03713932385332372,0.3542506264687262,0.10648005602374425,0.04007070251709903,0.04036339687053085,0.17259671517695763
2015-12-01,0.8516963014859805,0.05945282177022832,0.23363554020697425,0.06341855926814163,0.12899491741454056,0.33827616299940794,0.053581954344056625,0.03376361550513467,-0.00212801123941557,0.10929191992752882
2016-01-01,0.8737656637366833,0.06780150688457742,0.22088499338479092,0.03177349724264143,0.16845872293443256,0.27331126383514925,0.009042428883377172,0.02780625640629779,-0.03683789418701418,0.054922751953768514
2016-02-01,0.8514337450604417,0.05262818008376292,0.1530440229969889,0.05250821066414345,0.06640547540115223,0.2396825705928256,0.029862825551734095,0.0187639031380335,-0.0010976146260211796,0.06082326572948937
2016-03-01,0.7528577138489714,0.09346349307202399,0.14130291335240447,0.05291062975500866,0.054000374256640185,0.22860545244816877,0.09393055779011224,0.020886892388936488,0.059467185348367035,0.12839393023185744
2016-04-01,0.8978936724958247,0.05263739553259589,0.09189022486804099,0.06283205533667392,-0.011782666437470973,0.19556311617355296,0.08626091049810618,0.011559205069192616,0.06718822213393837,0.10533359886227399
2016-05-01,0.8709191671732298,0.06468006234897437,0.12535723234230942,0.06959014507582445,0.010533492967199076,0.24018097171741976,0.08981081536222257,0.012259301639164324,0.06958296765760144,0.1100386630668437
2016-06-01,0.861428294454145,0.06970664521778859,0.15778050116767972,0.06724303388108874,0.04682949526388332,0.26873150707147614,0.07536592568026271,0.017694345544348858,0.04617025553208709,0.10456159582843833
2016-07-01,0.9327472365924968,0.07727343705067981,0.17336998714964288,0.08672843035172746,0.030268077069292576,0.3164718972299932,0.08423718357272193,0.022466759183262002,0.04716703092033963,0.12130733622510423
2016-08-01,0.9515537276672176,0.08668171185112046,0.1406589147122647,0.07737312673141288,0.012993255605433462,0.2683245738190959,0.09968680605581998,0.03554626704008123,0.041035465439685954,0.158338146671954
2016-09-01,0.8976567469789153,0.0892124968460406,0.14841181723538352,0.06778446446260623,0.03656745087208324,0.2602561835986838,0.09761398227342215,0.024187487950044318,0.05770462715584902,0.13752333739099526
2016-10-01,0.8238047956257386,0.08183842999609223,0.1785484818978618,0.07615710897915866,0.05288925208225001,0.3042077117134736,0.11179560317518833,0.041294359123219354,0.043659910621876394,0.17993129572850025
2016-11-01,0.8313881971664008,0.07940013858067627,0.1621360420176426,0.06833271288200776,0.04938706576232979,0.2748850182729554,0.09826814768935409,0.044772687415460644,0.02439321345384403,0.17214308192486416
2016-12-01,0.8232507928493289,0.08576951479833593,0.18517369829451258,0.06674910250682677,0.07503767915824842,0.2953097174307767,0.08842763368656087,0.03876214186284651,0.02447009961286413,0.15238516776025762
2017-01-01,0.8457112913935185,0.06725207715201084,0.12343963138794332,0.05276084174778437,0.03638424250409912,0.21049502027178751,0.0678199081196244,0.04134347940923518,-3.968329056136394e-4,0.13603664914486246
2017-02-01,0.8561561300459731,0.06276933295941585,0.14154591939100722,0.06208106038173863,0.03911216976113849,0.24397966902087595,0.08121842719713462,0.05325963023936,-0.006659962697809371,0.16909681709207863
2017-03-01,0.8185367481461483,0.056820342380690614,0.18111974095353855,0.0546634274254419,0.09092508570155942,0.27131439620551767,0.049396611190968,0.045565674644761786,-0.025786751972888947,0.12457997435482494
2017-04-01,0.7940199704940876,0.10908271247356019,0.14931416368750305,0.08097855254377617,0.01569955199027237,0.2829287753847337,0.008606306705957294,0.027962318138862373,-0.03753151822316562,0.054744131635080205
2017-05-01,0.743404828009075,0.10766437680066497,0.1648108316956279,0.08613703054782512,0.02268473129171647,0.3069369320995393,0.0755461435431583,0.03174156257963447,0.023172565286761426,0.12791972179955519
2017-06-01,0.7108569782223157,0.09022849235243362,0.15368634068890727,0.07458615868958364,0.030619178851094275,0.27675350252672026,0.13158841816602362,0.03489587967116981,0.07401021670859344,0.18916661962345382
2017-07-01,0.8314381493247847,0.06034685363616051,0.12739248997820743,0.03840757495889379,0.06401999129603268,0.19076498866038216,0.08180774965465841,0.031010977358133067,0.030639637013738855,0.13297586229557795
2017-08-01,0.833969456549751,0.05562276455567142,0.11298477273084209,0.04315104254785597,0.04178555252687975,0.18418399293480442,0.08622957212464595,0.0510813123955388,0.001945406672006933,0.17051373757728497
2017-09-01,0.8975229489072892,0.06420593605323031,0.0828380099270612,0.0514377823315122,-0.0020343309199339354,0.16771035077405633,0.060534753191557454,0.06641577018874976,-0.04905126761987965,0.17012077400299455
2017-10-01,0.9199237774771342,0.08050024703665415,0.17402017689811936,0.07812303239858566,0.04511717344045302,0.3029231803557857,0.027386022147557018,0.04103989138220456,-0.040329798633080505,0.09510184292819454
2017-11-01,0.949974639583052,0.06911765855569693,0.12736388165684437,0.07273107881893713,0.007357601605598105,0.24737016170809062,0.018532945152368297,0.022160819089515182,-0.018032406345331754,0.05509829665006835
2017-12-01,0.9899299390967855,0.0601311375015138,0.09030148321274795,0.06678709720938075,-0.019897227182730293,0.20050019360822618,0.022933382408931634,0.023283408413585414,-0.015484241473484296,0.061351006291347564
2018-01-01,0.8265107161418597,0.05443071182631403,0.12732834459195858,0.04764136982757835,0.04872008437645431,0.20593660480746284,-6.660153694996586e-4,0.03748379897246775,-0.06251428367407144,0.06118225293507212
2018-02-01,0.8320589690531018,0.06601752324574817,0.10298616798747401,0.04155708888552189,0.034416971326362886,0.17155536464858512,0.010412650735931325,0.04480234562698586,-0.06351121954859534,0.084336521020458
2018-03-01,0.8299135433873647,0.0725407738514612,0.0895889860377442,0.049682109222813166,0.0076135058201024924,0.1715644662553859,0.013648655075967304,0.03312384432185714,-0.04100568805509697,0.06830299820703158
2018-04-01,0.8102474215532542,0.05488689148943381,0.14577225528461166,0.05456226640602613,0.055744515714668555,0.23579999485455477,0.08528035098728552,0.02956505585141547,0.03649800883245,0.13406269314212105
2018-05-01,0.8854513263010992,0.026743415548795346,0.10044474310806749,0.03743468016537136,0.038677520835204746,0.16221196538093025,0.09683705239790326,0.04763868669013606,0.018233219359178765,0.17544088543662775
2018-06-01,0.9072330923136879,0.039318676449903125,0.07250850606926422,0.043872345099493386,1.1913665510013272e-4,0.1448978754834283,0.08226818640884571,0.04886563514387003,0.0016398884214601644,0.16289648439623128
2018-07-01,0.8781760110084257,0.017173522407265336,0.11535905500157978,0.035523970146771396,0.05674450425940698,0.1739736057437526,0.012036303086729655,0.046231368476606104,-0.064245454899670415,0.08831806107312971
2018-08-01,0.8829285323829745,0.01505797231235601,0.11738330827611361,0.029523514884618594,0.06866950871649294,0.16609710783573428,0.06402180612239923,0.04533129431802202,-0.010774829502337102,0.13881844174713556
2018-09-01,0.9037806767097883,0.020659947792657514,0.08776420022439392,0.023415262720041907,0.049129016736324777,0.12639938371246306,0.14392211470039368,0.04778650887055819,0.06507437506397266,0.22276985433681468
2018-10-01,0.7870634542436293,0.02502170732542066,0.1706714167376354,0.059838189831851574,0.0719384035150803,0.2694044299601905,-0.1449736196896316,0.16879021566663338,-0.4234774755395767,0.13353023616031348
2018-11-01,0.79793785799541594,0.03010777745733161,0.1937259101311499,0.08392607682887414,0.05524788336350758,0.33220393689879224,-0.1200680164536721,0.1318892114373347,-0.33768521532527435,0.09754918241793015
2018-12-01,0.7726705848651633,0.03353603111829024,0.2480942127539671,0.0827853956608295,0.11149830991359844,0.38469011559433575,-0.05500770492544482,0.10580887098477089,-0.22959234205031678,0.11957693219942714
2019-01-01,0.8305588226725819,0.038872466165741935,0.21428894842941765,0.06469653312472998,0.10753966877361319,0.3210382280852221,-0.06227271689220146,0.037658386266399675,-0.12440905423176092,-1.3637955264199364e-4
2019-02-01,0.8483407486903753,0.07449961342505582,0.22377000502648162,0.049049012282624344,0.14283913476015145,0.30470087529281176,-0.008524533647807465,0.0593450540080382,-0.1064438727610705,0.08939480546545557
2019-03-01,0.7404278881130486,0.07247583903678162,0.20924643576781604,0.06484140473075525,0.10225811796206988,0.31623475357356223,0.05581431445913777,0.061205063698075816,-0.04517404064268732,0.15680266956096287
2019-04-01,0.928020518242752,0.07382712802233947,0.16759214761654526,0.04048768034798656,0.10078747504236743,0.23439682019072308,0.10286732427567859,0.03531976382018225,0.044589713972377876,0.1611449345789793
2019-05-01,0.9578662731671813,0.07057498411327957,0.18008211817247777,0.03685776914591217,0.11926679908172269,0.24089743726323284,0.0685741711878024,0.03289814557677339,0.014292230986126309,0.1228561113894785
2019-06-01,0.9871472450658864,0.08687381176267316,0.1920288687186711,0.0544776418571685,0.10214075965434306,0.2819169777829991,0.05093892069106176,0.03591497328201229,-0.008320785224258519,0.11019862660638205
2019-07-01,0.6765660354165582,0.05244199583282681,0.16492330761010118,0.05183640837404096,0.0793932337929336,0.25045338142726875,0.10377632122373612,0.027883676414861377,0.057768255139214846,0.14978438730825738
2019-08-01,0.6282984765376377,0.060556923502496016,0.2228489150471356,0.07577986937567603,0.09781213057727017,0.34788569951700105,0.07197087287342187,0.04430446622448102,-0.0011314963969718123,0.14507324214381556
2019-09-01,0.5851381091871066,0.09198301948683757,0.22084822424523115,0.0465557154080418,0.14403129382196217,0.29766515466850013,0.05861987284914263,0.06882481689091406,-0.05494107502086557,0.17218082071915083
2019-10-01,0.46355492829788214,0.07753453895346643,0.17700365592373124,0.0744729735892996,0.054123249501386916,0.29988406234607556,0.17120411793319837,0.07272923040199161,0.05120088776991222,0.2912073480964845
2019-11-01,0.37771468568499283,0.07486231176579958,0.23239024436429004,0.07270517979245564,0.11242669770673824,0.35235379102184183,0.25475618168425457,0.07943562039369696,0.12368740803465458,0.3858249553338545
2019-12-01,0.36451490703902106,0.09132073490847353,0.2221514983329433,0.08099006700904446,0.08851788776801994,0.35578510889786663,0.1834847795565953,0.07608121020226961,0.05795078272285045,0.30901877639034014
2020-01-01,0.688999426108318,0.08040921275882788,0.20840959805746656,0.03785537951105678,0.14594822186422288,0.2708709742507103,-0.11663243867263949,0.029052387073499806,-0.16456887734391418,-0.0686960000013648
2020-02-01,0.838860463268632,0.07204254446985277,0.23329029084687325,0.05344698577362037,0.14510276432039965,0.32147781737334685,-0.035332932542666104,0.04550871208210623,-0.11042230747814138,0.03975644239280918
2020-03-01,0.8212102917137354,0.0721646029988764,0.21641222377340896,0.05225658822590234,0.1301888532006701,0.30263559434614784,-0.0016546790371451796,0.04325978777745489,-0.07303332886994575,0.06972397079565539
2020-04-01,0.02487411433300532,0.049364815286092434,0.00907783852145836,0.0077016088543657895,-0.0036298160882451917,0.02178549313116191,0.027791673211926497,0.014601366040184438,0.0036994192456221743,0.051883927178230815
2020-05-01,0.0059123108795547915,0.0172469467398822,6.557637201175118e-4,0.002203764642850525,-0.002980447940585854,0.004291975380820878,0.02773283798947511,0.013828761593974653,0.004915381359416934,0.05055029461953328
2020-06-01,0.02956987720405949,0.031077077970657303,0.007487132322664568,0.005884927385884586,-0.0022229978640449987,0.017197262509374135,0.017867860616112376,0.009149800386952027,0.0027706899776415318,0.03296503125458322
2020-07-01,0.6233686195573449,0.285897122407963,-0.006358278154365022,0.002663550827403431,-0.010753137019580684,-0.001963419289149361,0.009249757876620884,0.007654348245226683,-0.0033799167280031423,0.02187943248124491
2020-08-01,0.6174550775840525,0.2993957271209872,-0.007091315552534741,0.003463921169264274,-0.012806785481820793,-0.0013758456232486893,0.01227862277873236,0.011216018466141113,-0.006227807690400475,0.030785053247865193
2020-09-01,0.212671721909202,0.11152087732905205,-0.0018968614832538622,0.001904224537729438,-0.0050388319705074345,0.0012451090039997104,0.001134198747019681,0.005426931816949457,-0.007820238750946923,0.010088636244986286
2020-10-01,0.7236221970630055,0.35777356157276197,0.0021654726790422967,0.0024545350587147734,-0.0018845101678370796,0.0062154555259216725,-0.004050322729176652,4.960313039148732e-4,-0.004868774380636192,-0.003231871077717111
2020-11-01,0.5083351357073785,0.07221834430902993,0.0011134878589083835,0.0011606493170147718,-8.0158351416599e-4,0.003028559231982757,-0.002915096244315741,6.667382136386781e-4,-0.00401521429681956,-0.0018149781918119223
2020-12-01,0.43956512783551266,0.011499386518850664,0.0013867151587894258,0.0011993633287219615,-5.922343336018107e-4,0.0033656646511806623,-0.002541871767946713,8.165548530720814e-4,-0.0038891872755156473,-0.0011945562603777786
2021-01-01,0.9241778899309839,0.47841168747908275,-3.003257428596392e-4,8.057221972968878e-4,-0.0016297673683995041,0.0010291158826802257,-0.008204334153709594,0.002644673786736141,-0.012568045901824226,-0.0038406224055949623
2021-02-01,1.000627007868582,0.4904754849147069,-9.771342198301636e-4,7.998272543531227e-4,-0.002296849189512816,3.425807498524888e-4,-0.006986427275409035,0.0049569610729550155,-0.015165413045784809,0.0011925584949667401
2021-03-01,1.0036104169140323,0.49273186995195567,-0.0012328730862467094,7.902195381701568e-4,-0.002536735324227468,7.098915173404919e-5,-0.006433625320408958,0.0043514337410285875,-0.013613490993106128,7.462403522882112e-4
2021-04-01,1.3762788516754374,0.3612531829181309,-0.005139893447700568,0.0034641366799788207,-0.010855718969665622,5.759320742644855e-4,0.0014917644278413043,0.006723178264200681,-0.009601479708089819,0.012585008563772426
2021-05-01,1.8378795433170396,0.1009293886073526,-0.006498588901206459,0.003411121960832649,-0.01212694013658033,-8.702376658325881e-4,0.003933021396901283,0.005260411464664285,-0.004746657519794787,0.012612700313597352
2021-06-01,1.8221291860370528,0.11426221933638336,-0.010249109269600725,0.0032200866246154744,-0.015562252200216257,-0.004935966338985192,-0.00315125536507789,0.002259087313087549,-0.006878749431672345,5.762387015165651e-4
2021-07-01,1.5502469958156269,0.24802527208589342,-0.010507711025386232,0.009411979771014873,-0.026037477647560772,0.005022055596788307,-8.686155231643711e-4,0.00448629894903486,-0.00827100878907189,0.0065337777427431475
2021-08-01,1.5713829427317116,0.2278609895132042,-0.01641455655646452,0.008515152386713874,-0.03046455799454241,-0.0023645551183866294,-0.0032978260810322528,0.0032523182312919237,-0.008664151162663926,0.002068499000599421
2021-09-01,1.5363268024862695,0.22739335126827992,-0.016697927461129317,0.008435236547310416,-0.030616067764191502,-0.002779787158067131,-0.00462039461120485,0.002844708802640552,-0.00931416413556176,7.337491315206109e-5
2021-10-01,1.1794964975933548,0.11447982717639853,0.027775584190630174,0.018313586904120317,-0.0024418342011683462,0.05799300258242869,-0.0014309011890136965,0.007448794888647112,-0.013721412755281432,0.010859610377254037
2021-11-01,1.3044573207099621,0.1196836580897631,0.02439094524365059,0.013221917650860717,0.002574781119730408,0.046207109367570776,-0.013411804425097332,0.005544852087436501,-0.022560810369367558,-0.0042627984808271055
2021-12-01,1.0104927448749568,0.11656157951367717,0.059740020763188205,0.02553493821654937,0.017607372705881752,0.10187266882049466,-0.019697000725474107,0.011560291210443364,-0.038771481222705656,-6.225202282425582e-4
2022-01-01,0.7988744013094778,0.04900922804676613,0.12953483155512552,0.0351741352087024,0.07149750846076657,0.18757215464948446,-0.03512629449201821,0.0069625765415218515,-0.04661454578552927,-0.02363804319850716
2022-02-01,0.7445289284209858,0.0399181593862416,0.16633439287218416,0.03875667368697609,0.10238588128867361,0.23028290445569471,-0.034113433027418275,0.008699215790902716,-0.048467139082407754,-0.019759726972428795
2022-03-01,0.7290483240168246,0.05050183001927679,0.21222107088299383,0.06817743862604736,0.09972829715001569,0.32471384461597197,-0.04401965605602,0.013293598706249365,-0.06595409392133145,-0.022085218190708546
2022-04-01,0.7466981355239001,0.016313262254108823,0.03721818491210591,0.04006407301380365,-0.028887535560670106,0.10332390538488193,-0.009660932780596716,0.011171318363519487,-0.028093608080403867,0.008771742519210434
2022-05-01,0.7885445638964492,0.027837450514674754,0.00935599601812052,0.044596928781089805,-0.06422893647067765,0.0829409285069187,0.025429677743874755,0.015542359936685056,-2.152161516555881e-4,0.0510745716394051
2022-06-01,0.8361072533045297,0.05590427116897651,0.1264909940070096,0.09494476637891829,-0.030167870518205547,0.28314985853222474,0.0667212177917376,0.02828819078402656,0.020045702998093787,0.11339673258538142
2022-07-01,0.6856539344185705,0.08723281027973638,0.1287641543059912,0.06000676765306662,0.029752987678431278,0.22777532093355113,0.09931365394478665,0.04237953817918023,0.02938741594913928,0.16923989194043404
2022-08-01,0.6241851351541472,0.07706912982019523,0.09995425125657277,0.04508771588101799,0.025559520052893095,0.17434898246025243,0.1055542760125778,0.03396519741605538,0.04951170027608643,0.16159685174906918
2022-09-01,0.7210692620451923,0.07234391063803189,0.08575759019526462,0.03557776123817071,0.027054284152282948,0.1444608962382463,0.1475481008082637,0.03646511071025827,0.08738066813633755,0.20771553348018984
2022-10-01,0.7464101326977994,0.12810689529689304,0.14190975962752023,0.07315484717286683,0.021204261792289972,0.2626152574627505,0.2566830243868826,0.08325161723624454,0.11931785594707914,0.39404819282668613
2022-11-01,0.7173345285172326,0.07879401566444011,0.09971085502223863,0.06261031592500503,-0.0035961662540196643,0.20301787629849694,0.26743142772470424,0.0739691626406955,0.14538230936755667,0.3894805460818518
2022-12-01,0.726976130105318,0.07425154659230356,0.1686222305526137,0.0702497036113857,0.05271021959382728,0.2845342415114001,0.24132688033698207,0.07016163401484919,0.1255601842124809,0.3570935764614832
2023-01-01,0.8328233817222505,0.07866602196623593,0.2860278425863751,0.0851878095694294,0.1454679567968166,0.4265877283759336,0.34100699707671706,0.07362056442128391,0.2195330657815986,0.4624809283718355
2023-02-01,1.0133052740079649,0.08471605972497581,0.27338617230154816,0.11866538853405227,0.07758828122036193,0.4691840633827344,0.3951546202726942,0.1086290683479538,0.21591665749857045,0.574392583046818
2023-03-01,1.0193494828919492,0.10228201552924955,0.29773958422553976,0.12668917511835376,0.08870244528025606,0.5067767231708235,0.3963677285322202,0.12253010631894622,0.19419305310595894,0.5985424039584815
2023-04-01,0.7575847785613464,0.032518174624258156,0.27393578591709633,0.11063047993516652,0.0913954940240716,0.45647607781012106,0.5816853236316805,0.0954143184448208,0.4242516981977261,0.7391189490656348
2023-05-01,0.7905508435191865,0.02685244738040305,0.29354060610362653,0.09434219838180535,0.1378759787736477,0.44920523343360536,0.5078272520314745,0.10635613282145488,0.33233963287607393,0.6833148711868751
2023-06-01,0.7907240930624053,0.018219050515058424,0.4107969524326445,0.08590391093647602,0.2690554993874591,0.55253840547783,0.3995343732822614,0.12777520725919034,0.18870528130459732,0.6103634652599255
2023-07-01,0.7929385195072786,0.05495923851396458,0.3229937045938376,0.06730630401056366,0.21193830297640753,0.43404910621126763,0.4370698095572329,0.06411446927369589,0.3312809352556347,0.5428586838588312
2023-08-01,0.8123282972479446,0.049289175808658776,0.20236560578106494,0.08108479994069029,0.06857568587892596,0.33615552568320395,0.5938286091956305,0.1238731384915254,0.38943793068461363,0.7982192877066474
2023-09-01,0.8047169709279022,0.061711166580192545,0.2951971371597266,0.05944714160426924,0.19710935351268238,0.39328492080677085,0.34714132646855517,0.06808877033329243,0.23479485541862266,0.4594877975184877
2023-10-01,0.7959649156622634,0.07880673547633145,0.2021938132862806,0.06459272910262721,0.09561581026694571,0.3087718163056155,0.31777388528508305,0.07472681674213484,0.19447463766056056,0.44107313290960554
2023-11-01,0.8854520143784286,0.08506966310305102,0.11985041142986122,0.04282504374453827,0.04918908925137308,0.19051173360834936,0.3083782650247419,0.05860752441756811,0.21167584973575454,0.4050806803137293
2023-12-01,0.8569338816151211,0.08438639103842624,0.09339540944367124,0.03559527102955723,0.03466321224490181,0.15212760664244065,0.28586967274458985,0.054580148325656865,0.195812428007256,0.3759269174819237
2024-01-01,0.8488351720771999,0.08700726003260083,0.09385821907890682,0.06381208489676808,-0.011431721000760509,0.19914815915857415,0.4156328793376843,0.1268722464974332,0.2062936726169195,0.6249720860584491
2024-02-01,0.8464146026934644,0.08445495590804414,0.10292720614839983,0.07061075868965178,-0.013580545689525603,0.21943495798632526,0.3974829729406575,0.09466931669112184,0.24127860040030646,0.5536873454810085
2024-03-01,0.9358300090111425,0.04416259087147558,0.10868868898869023,0.08630203319622361,-0.03370966578507871,0.25108704376245916,0.35327333842757364,0.030431057673615133,0.30306209326610867,0.4034845835890386
2024-04-01,0.8159807316492899,0.0437629350505454,0.06706890706598748,0.06544230967887216,-0.04091090390415157,0.17504871803612654,0.3161158269632902,0.08452621251213221,0.17664757631827208,0.4555840776083083
2024-05-01,0.9585864146375176,0.09497768105548951,0.2677948033350824,0.11940331446138755,0.07077933447379292,0.46481027219637183,0.15154975372037047,0.0828539183881694,0.014840788379890973,0.28825871906085
2024-06-01,0.9120043156341715,0.08189458690813704,0.1687344222913089,0.12995585436997226,-0.04569273741914531,0.3831615820017631,0.21601306648253898,0.06910643246034621,0.10198745292296774,0.33003868004211023
2024-07-01,1.0071563101386873,0.06535797324413646,0.2223404461259675,0.1201532423204587,0.02408759629721069,0.42059329595472433,0.16056019871878205,0.06878393259341366,0.04706670993964952,0.2740536874979146
2024-08-01,0.99010542475159935,0.0581360661329629,0.20862140598334641,0.08789979374362832,0.06358674630635971,0.35365606566033314,0.09240124133313021,0.10383996576311236,-0.07893470217600518,0.2637371848422656
2024-09-01,0.9083647769239312,0.07391238901814214,0.09497004431065671,0.14777627876796,-0.1488608156564773,0.3388009042777907,0.2006099650816726,0.12609042541682505,-0.007439236856088743,0.40865916701943394
2024-10-01,0.6704868937838303,0.023081604686975343,0.08876154354425984,0.15594089732271335,-0.16854093703821715,0.34606402412673687,0.07959896613470913,0.08981083273640546,-0.06858890788035987,0.22778684014977812
2024-11-01,0.720559288393246,0.018587059577046965,0.09055743314998081,0.09848940653493798,-0.07195008763266685,0.25306495393262846,-0.13301037930575543,0.04264414454944784,-0.20337321781234435,-0.0626475407991665
2024-12-01,0.6777815129575188,0.03451315662827069,0.07807338977657872,0.0864961572450625,-0.06464526967777438,0.22079204923093182,0.020407088663573287,0.08904351404414416,-0.12651470950926458,0.16732888683641117
2025-01-01,0.7420505817060234,0.03807898112546265,0.06552175513716023,0.07273075768432326,-0.05448399504197314,0.18552750531629358,0.11225482791895934,0.05625188504855459,0.019439217588844274,0.2050704382490744
2025-02-01,0.728193713924937,0.02611447790548113,0.15216800666216432,0.06193850997609063,0.049969465201614785,0.25436654812271386,0.08572473912669545,0.050004612920140974,0.0032171278084628524,0.16823235044492807
2025-03-01,0.6622446726799248,0.03253375970010267,0.20409060260646938,0.058586584436789275,0.10742273828576708,0.3007584669271717,0.19105557127497672,0.0455117073958696,0.11596125407179188,0.26614988847816157
2025-04-01,0.7415126383110305,0.10666943208439346,0.2220207476252044,0.09287470386195942,0.06877748625297136,0.37526400899743745,0.1666919303702759,0.07813650046964796,0.037766704595356776,0.295617156145195
2025-05-01,0.6910102204339083,0.06712666382752176,0.2635056917425155,0.041556951934369445,0.1949367210508059,0.33207466243422507,0.07991507104371467,0.067705307193525,-0.03179868582560155,0.1916288279130309
2025-06-01,0.7778825583804564,0.06850705256884358,0.26277183348463734,0.030245982534337003,0.2128659623029813,0.3126777046662934,0.019055208452051907,0.09316714790380946,-0.1346705855892337,0.17278100249333753
2025-07-01,0.7016854682262038,0.050538200063919,0.39242186252233063,0.06953903170379988,0.27768246021106086,0.5071612648336005,0.05853870640520366,0.07732940092227872,-0.06905480511655622,0.18613221792696355
2025-08-01,0.6675499326948385,0.05103252924666461,0.4006052075793378,0.05541690334418681,0.3091673170614296,0.49204309809724606,0.15049089502052623,0.06559820740319391,0.04225385280525629,0.2587279372357962
2025-09-01,0.7893893397400588,0.06936387627948089,0.2728476027319469,0.08510068212083219,0.1324314772325738,0.41326372823132,-0.017619741944891947,0.05842655295910417,-0.11402355432741383,0.07878407043762993
2025-10-01,0.6456867554420048,0.06316407085179859,0.09594950917071517,0.07767318007802461,-0.03221123795802543,0.22411025629945575,0.03788590793014776,0.09451426627425874,-0.11806263142237916,0.19383444728267468
2025-11-01,0.611287936748607,0.07557865111669107,0.13252391300033164,0.12190112665468616,-0.06861294597990053,0.3336607719805638,0.04983271181111853,0.09585493526079768,-0.10832793136919763,0.2079933549914347
2025-12-01,0.6276071477950078,0.06061536374654862,0.07719381801125709,0.0975427452865461,-0.08375171171154398,0.23813934773405815,0.05997708804906452,0.0895479272597851,-0.08777699192958088,0.2077311680277099
